class_duty,serialNumber,depotId,Manufacturer,operator_owner,overhaulLast,unitId,model_code,commissionYear,hours_service,fleet_code
light,HU-1495-56236,33,Franke AG,Cruz,23 Sep 2017,1,APU-12,2021,12646.30000,FB
1,RU-5897-60790,35,Lopes Correia e Filhos,Reis,"03/21/2015, 00:00:00",2,APU-15,2021,13443.50000,FA
normal,IH-5124-71153,70,Tapia Group,Barnett-Stone,"06/15/2015, 00:00:00",3,APU-12,2019,18842.90000,FA
L,FR-9658-31136,23,Barnett-Stone,Schmidt,2020-03-03,4,APU-20,2022,7019.50000,FC
light,ZC-5560-99596,24,Tapia Group,Rädel Aumann KGaA,2018-11-23,5,APU-12,2014,35525.30000,FD
normal,FB-3693-75258,4,Paiva e Filhos,Mälzer,2024/12/11,6,APU-12,2022,8914.80000,FB
heavy,YK-0774-40296,90,Correia S/A,Moreira,"02/25/2021, 00:00:00",7,XC-7,2023,6791.60000,FB
3,MR-4031-97220,82,Maxwell-Lewis,Klotz AG & Co. OHG,2019/09/05,8,APU-15,2021,12878.10000,FD
 normal ,OU-1151-03818,78,Paiva e Filhos,Carneiro S/A,2015/06/17,9,XC-7,2019,18872.30000,FE
2,ZM-7473-21341,56,"Nguyen, Freeman and Roy",Barnett-Stone,2015/02/14,10,APU-15,2022,7497.40000,FD
light,FA-5213-41007,9,Henson Group,Borges,2019-04-21,11,XC-7,2021,11925.40000,FD
 L ,IH-1830-38358,36,Rosenow GmbH & Co. KGaA,"Nguyen, Freeman and Roy","10/04/2023, 00:00:00",12,APU-12,2019,20720.40000,FD
light,HU-3329-73077,18,Carlson-Spears,Rädel Aumann KGaA,2022/10/16,13,APU-15,2020,15708.00000,FD
normal,JD-4329-60546,90,Barnett-Stone,Barnett-Stone,2016/07/28,14,XC-7,2022,8197.10000,FE
L,NS-2201-52791,7,Moreira,Maxwell-Lewis,20 Jun 2021,15,APU-15,2020,14725.50000,FC
3,BS-9782-09697,83,Carneiro S/A,Dowerg,24 Apr 2023,16,APU-12,2023,4044.20000,FE
L,PC-9345-97571,56,Loureiro Vicente e Filhos,Pinto,2020-12-29,17,APU-12,2021,13367.70000,FB
 N ,FX-5403-66487,52,Lopes Correia e Filhos,Carneiro S/A,"11/02/2016, 00:00:00",18,APU-15,2023,4197.60000,FD
normal,SJ-6504-89791,17,Pinto,Pinto,2020/06/20,19,APU-20,2022,,FE
1,KU-9401-22258,36,Mälzer,Junken AG & Co. OHG,"06/18/2024, 00:00:00",20,XC-7,2018,22085.50000,FC
1,HL-7045-50967,9,Dowerg,Rosenow GmbH & Co. KGaA,"05/28/2020, 00:00:00",21,APU-15,2022,8331.60000,FB
L,CX-5298-14608,24,Loureiro Vicente e Filhos,Klotz AG & Co. OHG,"06/18/2016, 00:00:00",22,APU-20,2022,9131.30000,FC
3,IE-1726-90942,105,Cardoso,Pinto,"04/28/2015, 00:00:00",23,APU-20,2024,3363.50000,FA
L,UU-9894-13025,20,Lopes Correia e Filhos,Mälzer,06 Jul 2015,24,APU-20,2021,11790.70000,FE
 light ,JV-3388-98572,24,Rädel Aumann KGaA,Rädel Aumann KGaA,2023/11/06,25,APU-12,2019,20671.30000,FA
H,LN-2280-86485,16,Mälzer,Roskoth,15 Jan 2019,26,APU-20,2020,16992.80000,FA
 heavy ,QR-4575-40874,84,Coleman-Sanford,Harris-Moore,31 Oct 2022,27,APU-15,2020,14332.50000,FA
 1 ,JO-3036-90330,91,Reis,Martins,2020/06/08,28,APU-15,2019,,FE
 med ,TI-7292-26336,53,Brooks Group,Cruz,"12/11/2016, 00:00:00",29,XC-7,2019,18502.30000,FE
L,JA-0925-52001,15,Junken AG & Co. OHG,Carlson-Spears,"03/10/2023, 00:00:00",30,APU-15,2019,20600.90000,FC
normal,AW-6197-79754,62,Reis,Coleman-Sanford,2015/09/08,31,XC-7,2022,7032.10000,FB
1,QQ-1061-88274,7,Hübel Ebert GmbH,Tapia Group,"04/08/2015, 00:00:00",32,APU-12,2021,11963.90000,FA
med,FB-9881-45602,56,Correia S/A,Junken AG & Co. OHG,18 Oct 2024,33,APU-12,2023,6327.50000,FE
1,ME-9695-23361,20,Cruz,Dowerg,2020/02/27,34,APU-12,2022,7220.90000,FB
3,GK-8575-02483,7,Rädel Aumann KGaA,Schmidt,2023-06-15,35,XC-7,2019,17710.30000,FE
1,DU-8734-38509,114,Hübel Ebert GmbH,Moreira,2019-09-10,36,APU-20,2016,,FC
2,LE-0970-73992,49,Schmidt,Henson Group,2016/12/22,37,APU-15,2020,14408.30000,FC
H,YG-7968-05963,119,Valente S.A.,Correia S/A,2023-05-01,38,APU-20,2022,7328.00000,FE
normal,XB-9403-88205,40,Rice-Sims,Franke AG,2018/12/23,39,APU-12,2023,5502.40000,FB
normal,DT-0594-44716,68,Tavares,Villanueva-Flynn,2019-06-02,40,APU-12,2024,2076.10000,FE
L,GW-7547-09945,21,Carneiro S/A,Martins,05 Jul 2023,41,APU-12,2022,9693.90000,FB
3,GD-3274-79751,39,Rice-Sims,Coleman-Sanford,12 Sep 2024,42,APU-12,2019,18341.00000,FE
3,FA-9586-84858,108,Rice-Sims,Carlson-Spears,2017/12/10,43,XC-7,2019,19909.90000,FD
 1 ,YC-2750-50366,5,Paiva e Filhos,Borges,"04/25/2017, 00:00:00",44,XC-7,2021,11096.60000,FC
normal,LC-0644-42039,33,Barros,Franke AG,"04/02/2020, 00:00:00",45,XC-7,2019,20317.00000,FE
heavy,RE-2893-58275,104,Rädel Aumann KGaA,Tavares,"02/07/2016, 00:00:00",46,APU-20,2015,34059.60000,FC
1,SY-4914-23700,8,Mälzer,Maxwell-Lewis,16 Aug 2015,47,APU-15,2022,9033.00000,FA
light,SZ-4783-33232,3,Hübel Ebert GmbH,Rice-Sims,2016-08-28,48,XC-7,2020,17301.60000,FC
 med ,NB-8106-35678,56,Hübel Ebert GmbH,Valente S.A.,"12/19/2017, 00:00:00",49,APU-20,2020,15720.20000,FE
med,KG-5388-95337,62,Dowerg,Loureiro Vicente e Filhos,2018/01/14,50,XC-7,2023,6354.00000,FE
normal,JJ-7652-94985,80,Brooks Group,Loureiro Vicente e Filhos,2024-10-03,51,APU-12,2018,21713.60000,FD
L,PB-1626-95713,39,Maia S/A,Carlson-Spears,2020/02/07,52,APU-15,2022,7551.80000,FA
heavy,SB-6676-81908,54,Reis,Machado Simões S/A,13 Sep 2019,53,XC-7,2024,2751.20000,FA
light,CY-5489-67546,113,Correia S/A,Schmidt,2017-08-05,54,APU-20,2021,11063.70000,FC
med,LG-7259-22511,79,Cruz,Moreira,"05/11/2018, 00:00:00",55,XC-7,2021,13484.90000,FB
heavy,FY-3008-36977,87,Tavares,Barros,"10/07/2020, 00:00:00",56,APU-12,2020,14696.50000,FD
 1 ,ZG-2412-25046,95,Coleman-Sanford,Valente S.A.,"10/25/2022, 00:00:00",57,APU-15,2021,11349.10000,FC
med,MB-7896-07625,9,Brooks Group,Valente S.A.,2017-02-18,58,XC-7,2022,,FC
normal,LN-4410-08712,59,Machado Simões S/A,Maxwell-Lewis,2020/10/21,59,APU-12,2020,15535.40000,FD
1,MR-1061-68459,60,Klotz AG & Co. OHG,Barros,2018-07-04,60,APU-15,2023,5316.90000,FD
L,EP-3519-58972,54,Bähr,Klotz AG & Co. OHG,2018-11-11,61,APU-20,2020,14834.70000,FC
light,NK-0923-27035,27,Klotz AG & Co. OHG,Schmidt,"11/20/2015, 00:00:00",62,APU-12,2021,12260.10000,FE
light,AQ-4728-45904,39,Roskoth,Tapia Group,2023/06/07,63,APU-12,2022,9729.60000,FD
L,LQ-7577-84343,36,Bähr,Coleman-Sanford,23 Apr 2019,64,APU-20,2022,9436.50000,FE
L,GI-2050-91601,33,Barnett-Stone,Maxwell-Lewis,2023-09-21,65,APU-12,2023,4719.10000,FA
med,WP-4972-96704,77,Carneiro S/A,Cruz,2016/03/08,66,APU-20,2020,15483.10000,FB
med,EA-2313-65396,61,Dowerg,Henson Group,2017-09-07,67,APU-15,2023,6455.60000,FD
 heavy ,VE-7114-16327,89,Schmidt,Bähr,20 Nov 2021,68,APU-20,2023,,FD
light,WU-0754-42436,25,Junken AG & Co. OHG,Dowerg,2017-05-30,69,APU-20,2021,13765.90000,FD
heavy,MG-1543-64158,80,Barnett-Stone,Pinto,28 Jan 2017,70,APU-12,2018,23538.00000,FA
light,LJ-8713-35509,10,Paiva e Filhos,Barnett-Stone,2018/11/22,71,APU-20,2021,13935.80000,FB
heavy,UO-5725-42959,80,Barros,Maia S/A,16 Nov 2024,72,APU-12,2022,7897.60000,FA
1,VW-7655-36907,77,Carlson-Spears,Barros,"07/20/2019, 00:00:00",73,APU-15,2013,40981.60000,FE
1,YX-5126-88506,14,Roskoth,Loureiro Vicente e Filhos,10 Mar 2019,74,APU-15,2021,11984.30000,FE
light,EW-6591-08052,38,Pinto,Cruz,22 Dec 2021,75,APU-20,2021,13026.70000,FD
heavy,MT-0522-45338,17,Schmidt,Leal S.A.,"06/01/2016, 00:00:00",76,APU-12,2021,11404.70000,FC
1,GT-2643-56326,17,Mälzer,Dowerg,2022-03-29,77,APU-15,2018,23805.90000,FB
1,ZZ-4706-68556,35,Klotz AG & Co. OHG,Cardoso,2017-04-27,78,APU-15,2021,12730.30000,FB
L,SP-0698-05004,1,Dowerg,Schmidt,31 Jan 2020,79,APU-15,2012,44135.50000,FD
L,BQ-1268-42827,30,Roskoth,Lopes Correia e Filhos,19 Mar 2019,80,XC-7,2019,20721.10000,FA
3,BL-8661-03219,98,Tapia Group,Roskoth,2016/03/30,81,APU-12,2022,8892.30000,FB
med,VB-3590-49795,72,Barros,Hübel Ebert GmbH,29 Jul 2023,82,APU-15,2019,17544.70000,FD
1,KY-9861-46102,17,Cruz,Maia S/A,2022/04/06,83,APU-20,2022,9802.80000,FB
3,HL-0689-96966,85,Pinto,Tapia Group,2019-07-01,84,APU-15,2020,16353.00000,FA
light,MW-4971-08010,97,Leal S.A.,Leal S.A.,2016-04-25,85,XC-7,2024,2525.10000,FC
3,RX-7305-31121,97,Moreira,Tapia Group,04 Apr 2015,86,XC-7,2021,10880.90000,FA
normal,DJ-1903-45287,42,Schmidt,Cardoso,"02/26/2024, 00:00:00",87,APU-12,2022,8408.80000,FA
1,PL-0177-78608,12,Maxwell-Lewis,Machado Simões S/A,"12/13/2016, 00:00:00",88,APU-15,2020,14884.60000,FA
med,TO-0163-20506,57,Brooks Group,Barros,25 Jan 2020,89,APU-15,2023,6867.20000,FC
 1 ,LM-5477-78806,11,Roskoth,Valente S.A.,"06/05/2021, 00:00:00",90,APU-12,2024,2249.30000,FC
 med ,JR-1576-45320,62,Tavares,Martins,"07/08/2021, 00:00:00",91,APU-20,2020,14076.30000,FB
N,AC-5799-78275,11,Harris-Moore,Borges,2022-07-29,92,APU-20,2020,16939.20000,FC
light,NH-0907-84527,115,Barnett-Stone,Hübel Ebert GmbH,2018-01-31,93,APU-15,2023,6950.20000,FC
1,XF-3776-99060,37,Hübel Ebert GmbH,Cruz,2018/02/21,94,APU-15,2015,32606.00000,FA
N,SP-6109-35838,73,Moreira,Brooks Group,"12/12/2024, 00:00:00",95,APU-12,2023,5528.40000,FC
light,HP-2505-23517,23,Lopes Correia e Filhos,Schmidt,2021-10-12,96,APU-12,2018,21862.20000,FB
H,QL-7574-68531,41,Correia S/A,Henson Group,23 Aug 2020,97,APU-20,2020,16470.00000,FB
 normal ,RI-0527-89324,48,Rosenow GmbH & Co. KGaA,Cardoso,2019/09/17,98,APU-12,2022,9363.80000,FC
L,ZV-0637-97024,95,Machado Simões S/A,Machado Simões S/A,17 Dec 2018,99,XC-7,2020,17058.60000,FD
2,OC-7208-38076,50,Dowerg,Leal S.A.,2019/05/21,100,XC-7,2018,24080.10000,FE
light,UA-8997-01345,23,Cruz,Cruz,"02/23/2024, 00:00:00",101,APU-15,2022,7964.20000,FD
3,AH-2214-98816,97,Lopes Correia e Filhos,Rosenow GmbH & Co. KGaA,2024-04-08,102,XC-7,2021,12804.80000,FC
1,SX-9343-81340,28,Rosenow GmbH & Co. KGaA,Carneiro S/A,2022/03/05,103,APU-12,2020,16202.70000,FC
med,XY-7901-03676,76,Correia S/A,Roskoth,2016-12-25,104,XC-7,2023,5433.20000,FD
2,FQ-0968-94130,72,Maxwell-Lewis,Coleman-Sanford,21 Apr 2016,105,XC-7,2023,4606.20000,FB
 1 ,MP-3881-53496,24,Roskoth,Carneiro S/A,03 Jun 2019,106,APU-12,2021,13172.50000,FD
3,GC-5734-47800,112,Machado Simões S/A,Cruz,2023-08-03,107,APU-12,2014,35576.50000,FC
1,MY-2459-53981,36,Bähr,Roskoth,2023-01-12,108,APU-20,2024,,FD
2,KR-3022-74793,76,Franke AG,Brooks Group,2018/01/05,109,APU-20,2022,8318.00000,FE
 heavy ,TD-3080-27791,92,Machado Simões S/A,Tapia Group,2023-07-26,110,APU-15,2022,9349.40000,FD
normal,JH-2140-91332,41,Junken AG & Co. OHG,Coleman-Sanford,"09/14/2023, 00:00:00",111,XC-7,2023,6489.00000,FA
N,VM-2185-82426,52,Barros,Dowerg,"01/15/2018, 00:00:00",112,APU-12,2021,10564.20000,FB
L,QZ-9658-11941,6,Valente S.A.,Villanueva-Flynn,02 Oct 2022,113,XC-7,2023,6664.90000,FD
1,JV-0250-91948,37,Henson Group,Cardoso,"10/13/2020, 00:00:00",114,APU-15,2021,,FE
med,XH-2936-74752,66,Leal S.A.,Tapia Group,2017/06/23,115,APU-20,2016,30369.90000,FC
1,JF-4507-73470,5,Cruz,Franke AG,2021-03-27,116,APU-15,2021,12702.70000,FC
3,UA-7486-28229,99,Martins,Tapia Group,2016-03-28,117,XC-7,2020,16020.50000,FA
H,WD-3227-23828,23,"Nguyen, Freeman and Roy",Franke AG,"09/26/2023, 00:00:00",118,APU-15,2021,11434.70000,FB
H,IN-1301-92944,113,Carlson-Spears,Tavares,2018/07/10,119,APU-12,2014,37936.80000,FB
L,VZ-0767-92766,15,Pinto,Rice-Sims,21 Apr 2022,120,XC-7,2021,13998.50000,FE
1,JN-5418-58084,70,Lopes Correia e Filhos,Paiva e Filhos,2020/10/17,121,APU-20,2019,18576.50000,FB
N,UE-4357-49734,54,Rädel Aumann KGaA,Hübel Ebert GmbH,"09/03/2016, 00:00:00",122,XC-7,2019,20373.90000,FE
H,AX-0080-09805,119,Bähr,Tavares,"11/03/2015, 00:00:00",123,APU-20,2022,7267.10000,FD
1,HH-7069-18616,6,Hübel Ebert GmbH,Dowerg,2022/07/17,124,APU-20,2020,14321.90000,FD
H,DL-2171-73958,97,Pinto,Martins,"06/12/2020, 00:00:00",125,APU-12,2021,12991.30000,FB
L,IF-8646-51543,35,Rice-Sims,Coleman-Sanford,2021-10-17,126,XC-7,2022,7716.20000,FE
1,BC-6058-81658,56,Pinto,Carneiro S/A,"07/03/2016, 00:00:00",127,APU-15,2021,13217.40000,FE
3,BP-7349-78942,55,Valente S.A.,Martins,"11/08/2017, 00:00:00",128,APU-12,2022,8695.50000,FC
1,OJ-6305-64561,37,Franke AG,Correia S/A,02 Nov 2021,129,XC-7,2012,45000.00000,FA
3,VN-7339-78607,117,Bähr,Tapia Group,2018-01-04,130,APU-15,2023,6769.70000,FE
 2 ,QV-9791-78046,68,Schmidt,Borges,"08/08/2020, 00:00:00",131,APU-15,2023,6787.50000,FB
med,DF-4691-69293,74,Correia S/A,Hübel Ebert GmbH,06 Oct 2018,132,XC-7,2019,20072.50000,FB
light,TC-0660-29383,0,Carlson-Spears,Bähr,"04/05/2023, 00:00:00",133,APU-12,2022,9908.90000,FC
L,KQ-7633-03514,9,Rädel Aumann KGaA,Hübel Ebert GmbH,"01/29/2020, 00:00:00",134,APU-12,2019,18486.70000,FA
2,BD-3954-69780,102,Martins,Klotz AG & Co. OHG,16 Jun 2018,135,XC-7,2020,14799.10000,FC
light,ZZ-2921-30486,13,Junken AG & Co. OHG,Barnett-Stone,2017/11/12,136,APU-15,2023,4315.90000,FC
 N ,PT-0116-70753,44,Pinto,Junken AG & Co. OHG,2020/01/12,137,APU-20,2019,20551.10000,FB
1,WE-1008-64592,28,Tapia Group,Moreira,13 Jun 2021,138,APU-15,2021,12205.70000,FC
1,KK-0926-36618,28,Maxwell-Lewis,Pinto,2018/07/27,139,APU-15,2021,11316.50000,FB
2,IW-4101-01032,42,Cardoso,Coleman-Sanford,2015-06-11,140,XC-7,2022,9552.20000,FC
H,AO-9255-84344,82,Borges,Henson Group,13 Nov 2024,141,APU-12,2019,17686.10000,FC
N,NS-0655-70424,44,Coleman-Sanford,Dowerg,2021-11-03,142,APU-15,2019,17781.80000,FA
N,EE-2774-63161,12,Klotz AG & Co. OHG,Franke AG,"08/13/2018, 00:00:00",143,APU-15,2021,,FB
1,GE-8645-55902,23,Maia S/A,Paiva e Filhos,2024/04/19,144,APU-12,2020,16670.60000,FC
H,EE-1026-04658,90,Martins,Hübel Ebert GmbH,"01/10/2021, 00:00:00",145,APU-20,2024,3337.70000,FB
2,EE-8836-17880,70,Rice-Sims,Brooks Group,"08/31/2024, 00:00:00",146,APU-15,2012,,FB
N,OS-5580-16372,59,Roskoth,Lopes Correia e Filhos,25 Dec 2022,147,APU-15,2018,22415.10000,FA
 N ,ES-5648-51255,73,Klotz AG & Co. OHG,Leal S.A.,29 Apr 2021,148,APU-12,2018,23962.80000,FE
H,TK-5120-24695,93,Dowerg,Barros,2020-10-13,149,APU-20,2012,45000.00000,FD
light,QY-9377-10090,33,Dowerg,Villanueva-Flynn,2019/01/19,150,APU-20,2022,7621.40000,FA
heavy,RO-4157-07457,95,Carlson-Spears,Correia S/A,13 Sep 2017,151,APU-15,2022,8196.10000,FC
light,DG-6635-98722,99,Brooks Group,Tavares,2022-04-05,152,XC-7,2024,2857.20000,FE
L,AQ-3164-31024,74,Loureiro Vicente e Filhos,Hübel Ebert GmbH,"09/26/2017, 00:00:00",153,APU-15,2022,7989.00000,FD
 light ,SX-6120-63853,37,Paiva e Filhos,Borges,2023/06/12,154,APU-12,2020,15922.70000,FA
light,TD-7729-10588,22,Correia S/A,Paiva e Filhos,20 Jan 2023,155,APU-12,2020,17374.40000,FA
light,EH-2588-45175,36,Roskoth,Mälzer,"01/02/2017, 00:00:00",156,APU-20,2021,11475.40000,FD
light,IO-6873-61805,41,Mälzer,Roskoth,"01/28/2016, 00:00:00",157,APU-20,2021,12311.40000,FC
light,NB-7517-86994,34,Rice-Sims,Tavares,2016/06/10,158,APU-20,2019,20287.60000,FA
normal,HN-2415-91863,63,Tavares,Valente S.A.,"09/23/2018, 00:00:00",159,APU-12,2022,9488.80000,FE
light,UK-3366-98290,10,Bähr,Rädel Aumann KGaA,"08/05/2021, 00:00:00",160,XC-7,2020,16662.60000,FB
 normal ,BT-2807-19130,62,Valente S.A.,Roskoth,02 Jan 2016,161,APU-20,2020,14426.10000,FE
normal,OG-3533-30434,55,Rice-Sims,Franke AG,2022/08/27,162,XC-7,2013,38939.50000,FA
L,ED-0150-89031,0,Cardoso,Borges,2020/02/04,163,APU-15,2020,16382.80000,FA
N,JO-0635-24770,40,Martins,Pinto,2022/04/15,164,XC-7,2016,30230.60000,FE
 normal ,TW-7862-87684,45,Mälzer,Paiva e Filhos,2019-09-27,165,APU-20,2021,10548.70000,FC
L,UZ-1476-14442,26,Franke AG,Machado Simões S/A,09 Mar 2018,166,XC-7,2022,8402.80000,FD
med,JF-7613-04596,52,Franke AG,Tavares,2016-08-06,167,XC-7,2019,18616.20000,FC
N,MZ-5540-81430,60,Paiva e Filhos,Hübel Ebert GmbH,"02/03/2022, 00:00:00",168,APU-15,2022,9750.00000,FC
N,UG-4782-26486,2,Martins,Harris-Moore,2015/02/21,169,XC-7,2021,12218.10000,FC
heavy,OW-8411-19558,17,Carlson-Spears,Cruz,2022-10-01,170,APU-15,2015,,FA
normal,YZ-7526-02143,74,Carneiro S/A,Tavares,10 Feb 2019,171,APU-12,2023,6903.90000,FD
heavy,YR-5678-22394,116,Klotz AG & Co. OHG,Hübel Ebert GmbH,2019-08-03,172,APU-20,2019,20424.60000,FA
 N ,OX-7824-30633,76,Villanueva-Flynn,Barnett-Stone,"11/23/2023, 00:00:00",173,XC-7,2020,14478.90000,FD
light,EY-7231-39589,20,Rädel Aumann KGaA,Valente S.A.,08 Feb 2020,174,APU-12,2023,6573.60000,FA
med,TE-0737-94299,46,Hübel Ebert GmbH,Maia S/A,2016/06/26,175,APU-15,2021,10997.40000,FA
normal,WZ-7137-88258,48,Maxwell-Lewis,Rosenow GmbH & Co. KGaA,2023/04/27,176,APU-12,2020,14645.00000,FB
light,EV-9587-66541,24,Maia S/A,Reis,"09/19/2017, 00:00:00",177,APU-15,2017,27097.50000,FB
2,KR-7356-17064,47,Carlson-Spears,Hübel Ebert GmbH,05 Jul 2024,178,XC-7,2016,28568.60000,FD
heavy,BF-2076-47944,95,Paiva e Filhos,Rädel Aumann KGaA,20 Aug 2018,179,XC-7,2022,9977.80000,FA
2,QN-6651-01301,53,Lopes Correia e Filhos,Maia S/A,"04/01/2015, 00:00:00",180,APU-15,2022,9969.90000,FE
2,PE-4196-95004,42,Leal S.A.,Lopes Correia e Filhos,2022/01/30,181,APU-15,2018,22829.60000,FD
heavy,KQ-5447-14206,95,Martins,Maia S/A,10 Aug 2023,182,APU-12,2021,12036.20000,FC
2,XW-6145-83481,68,Henson Group,Klotz AG & Co. OHG,21 Dec 2017,183,APU-20,2012,45000.00000,FE
H,DW-1329-48775,99,Junken AG & Co. OHG,Paiva e Filhos,"07/26/2019, 00:00:00",184,XC-7,2022,8780.00000,FA
light,KR-7041-90799,31,Rädel Aumann KGaA,Maxwell-Lewis,"01/25/2018, 00:00:00",185,APU-15,2021,12865.60000,FB
light,OZ-6385-43404,21,Henson Group,"Nguyen, Freeman and Roy",31 Mar 2023,186,XC-7,2022,7205.20000,FD
 1 ,DE-6051-80505,10,Borges,Barnett-Stone,2017/03/08,187,APU-12,2019,18813.70000,FA
normal,IC-7549-73107,61,Rädel Aumann KGaA,Reis,11 Oct 2020,188,APU-15,2022,8127.60000,FA
L,XJ-4471-42420,3,Carlson-Spears,Maia S/A,2015-07-17,189,XC-7,2021,12019.60000,FA
light,FZ-4836-45016,28,Correia S/A,Machado Simões S/A,"05/16/2020, 00:00:00",190,APU-12,2018,24215.30000,FD
H,WT-8536-51707,86,Coleman-Sanford,Harris-Moore,2015-07-18,191,APU-20,2021,12817.50000,FB
normal,DW-6885-20454,66,Schmidt,Moreira,13 Apr 2022,192,XC-7,2023,3995.20000,FC
N,OR-2706-31361,117,Loureiro Vicente e Filhos,Klotz AG & Co. OHG,2018-06-18,193,XC-7,2021,13941.10000,FD
L,GO-7542-97899,7,Rosenow GmbH & Co. KGaA,Rädel Aumann KGaA,2016/11/03,194,APU-20,2023,5583.80000,FC
light,JG-7399-12541,5,Villanueva-Flynn,Barros,28 Apr 2015,195,APU-12,2020,15121.90000,FB
 light ,MD-2882-77876,59,Carlson-Spears,Rädel Aumann KGaA,2021-02-01,196,APU-20,2022,7966.80000,FD
med,OX-8758-98414,60,Valente S.A.,Lopes Correia e Filhos,29 Mar 2022,197,APU-20,2012,45000.00000,FD
1,QE-3951-61472,28,Tavares,Paiva e Filhos,2017/07/21,198,APU-15,2021,12674.00000,FD
H,EX-6515-28246,98,Martins,Correia S/A,2017-01-06,199,APU-12,2021,13228.20000,FA
3,CZ-6048-18802,87,Klotz AG & Co. OHG,Loureiro Vicente e Filhos,"01/19/2020, 00:00:00",200,APU-12,2022,9383.80000,FB
3,HS-2910-06027,81,Carneiro S/A,Coleman-Sanford,29 Dec 2018,201,APU-12,2021,13743.60000,FA
 3 ,ER-6093-40350,108,Mälzer,Martins,2018/01/10,202,APU-15,2020,14751.90000,FE
med,SM-2639-54278,74,Carlson-Spears,Martins,"02/13/2016, 00:00:00",203,XC-7,2023,6958.40000,FE
light,GK-1217-74083,32,Franke AG,Pinto,2016-08-10,204,APU-15,2022,9602.30000,FC
 3 ,YH-8516-30953,76,Machado Simões S/A,Leal S.A.,21 Jan 2018,205,APU-15,2021,13564.70000,FD
3,RT-5726-94462,26,Pinto,Rosenow GmbH & Co. KGaA,2020-08-12,206,APU-12,2021,12076.40000,FA
normal,VU-0247-17238,69,Machado Simões S/A,Tavares,14 Feb 2024,207,XC-7,2023,5154.60000,FE
L,PL-7211-70558,12,Tapia Group,Rice-Sims,2018-07-23,208,APU-12,2021,12648.30000,FE
3,KO-2286-42171,88,Klotz AG & Co. OHG,Moreira,2018/02/17,209,APU-20,2021,10518.80000,FC
 L ,MR-8511-47283,3,Mälzer,Schmidt,2016/09/27,210,APU-15,2020,14863.70000,FB
normal,AV-7119-19104,73,Franke AG,Tapia Group,2023/02/17,211,XC-7,2022,8795.50000,FE
L,QY-5420-74800,13,Carlson-Spears,Mälzer,"01/14/2019, 00:00:00",212,XC-7,2014,37432.00000,FC
light,CJ-1937-70145,31,Loureiro Vicente e Filhos,Carneiro S/A,2023-11-11,213,APU-20,2022,7179.70000,FD
2,DN-8184-16019,57,Leal S.A.,Franke AG,12 Dec 2024,214,APU-20,2021,10852.00000,FA
heavy,NL-4110-47836,23,Hübel Ebert GmbH,Leal S.A.,2015/12/17,215,XC-7,2020,16185.10000,FE
1,UL-3157-40357,16,Franke AG,Reis,2022-11-21,216,XC-7,2019,19627.90000,FE
2,RR-3615-09690,75,Klotz AG & Co. OHG,Carneiro S/A,2022-03-02,217,APU-12,2022,8338.10000,FA
1,IF-8597-52191,18,Rädel Aumann KGaA,Tapia Group,2020/01/04,218,APU-15,2013,40001.40000,FE
2,SH-3956-51451,31,Leal S.A.,Carneiro S/A,2021-06-21,219,APU-12,2021,13334.90000,FA
 2 ,EO-7616-22449,70,Villanueva-Flynn,Tapia Group,2020/03/06,220,XC-7,2023,,FB
3,AV-0197-73991,102,Klotz AG & Co. OHG,Paiva e Filhos,2017-11-18,221,APU-15,2023,5672.80000,FD
 L ,KP-4588-24892,103,Franke AG,Cruz,2017-11-10,222,APU-15,2013,39762.60000,FB
L,RQ-2764-46451,112,Tapia Group,Barros,2017/09/05,223,APU-15,2016,28189.40000,FE
2,SU-1712-64462,66,Tapia Group,Leal S.A.,2019-03-28,224,APU-15,2022,7914.10000,FC
H,HB-9096-01384,84,Hübel Ebert GmbH,Dowerg,13 Aug 2016,225,APU-15,2014,38290.10000,FE
1,TJ-3218-15005,104,Harris-Moore,Coleman-Sanford,2015-12-31,226,APU-15,2022,8465.60000,FD
light,ED-0923-97840,23,Harris-Moore,Pinto,2021/08/09,227,XC-7,2020,17025.20000,FD
H,TH-1367-87043,92,Harris-Moore,Harris-Moore,2020-07-20,228,APU-12,2015,31722.50000,FC
N,JM-9815-03620,70,Roskoth,Brooks Group,"03/28/2018, 00:00:00",229,APU-12,2021,11747.60000,FB
light,LP-7931-87853,25,Mälzer,Carlson-Spears,"05/06/2023, 00:00:00",230,APU-15,2020,15165.00000,FD
N,QH-5909-13153,38,Rädel Aumann KGaA,Klotz AG & Co. OHG,2024-04-29,231,APU-15,2019,18342.80000,FC
light,XN-4391-06569,13,Maxwell-Lewis,Rädel Aumann KGaA,29 Jan 2016,232,APU-15,2016,28868.20000,FC
N,SN-3959-55759,49,Rice-Sims,Carneiro S/A,15 Feb 2018,233,APU-12,2023,,FC
3,FI-6076-69051,89,Reis,Tapia Group,08 Sep 2020,234,APU-15,2020,15731.90000,FE
N,MY-7457-28609,61,Cardoso,Schmidt,"04/26/2015, 00:00:00",235,XC-7,2022,9433.00000,FC
 normal ,RF-3600-10055,53,Valente S.A.,Carlson-Spears,2017-03-15,236,APU-20,2022,8286.90000,FE
3,SH-3547-17870,91,Carneiro S/A,Rice-Sims,"02/12/2020, 00:00:00",237,XC-7,2023,6704.40000,FD
light,NF-7033-86592,20,Barros,Pinto,14 Apr 2021,238,APU-12,2023,6245.20000,FE
 light ,EE-0276-66278,63,Maxwell-Lewis,Reis,"05/29/2021, 00:00:00",239,APU-15,2022,8977.30000,FD
N,ZI-5191-90359,7,Dowerg,Junken AG & Co. OHG,"04/27/2022, 00:00:00",240,APU-20,2023,5892.10000,FC
med,OG-2180-96091,86,Rice-Sims,Rädel Aumann KGaA,"06/21/2017, 00:00:00",241,XC-7,2023,4796.20000,FD
med,AR-2050-16205,68,Carlson-Spears,Franke AG,"04/27/2021, 00:00:00",242,APU-15,2023,6983.80000,FB
2,JI-8207-02287,60,Henson Group,Rice-Sims,"08/21/2016, 00:00:00",243,XC-7,2014,37055.20000,FD
light,LD-0476-78752,27,Cruz,Martins,13 Jun 2017,244,APU-12,2019,17873.90000,FA
light,SU-6529-76043,33,Mälzer,Moreira,"07/23/2022, 00:00:00",245,APU-20,2021,10875.80000,FD
 N ,DA-5110-15476,54,Rice-Sims,Rädel Aumann KGaA,19 Apr 2021,246,APU-12,2020,14619.20000,FE
H,CS-0091-52651,51,Rice-Sims,Villanueva-Flynn,"01/06/2018, 00:00:00",247,APU-15,2020,16779.70000,FE
 1 ,KQ-5747-60907,21,Hübel Ebert GmbH,Henson Group,03 Oct 2023,248,APU-15,2021,13164.30000,FA
N,EH-9603-36049,51,Henson Group,Rädel Aumann KGaA,2023/06/13,249,APU-20,2020,16633.20000,FC
1,FA-3225-32940,34,Carlson-Spears,Mälzer,2019-10-16,250,APU-15,2014,35485.10000,FC
1,BF-0178-64586,5,Paiva e Filhos,Franke AG,2024-11-13,251,XC-7,2018,21567.30000,FC
3,UE-3050-95324,89,Lopes Correia e Filhos,Martins,04 May 2018,252,APU-20,2022,7298.50000,FE
normal,ZH-2282-03374,52,"Nguyen, Freeman and Roy",Reis,13 Dec 2021,253,XC-7,2019,19222.90000,FB
heavy,IP-3007-69441,95,Valente S.A.,Henson Group,11 May 2023,254,APU-20,2019,20015.30000,FE
normal,KY-8757-97661,63,Maxwell-Lewis,Junken AG & Co. OHG,24 Jun 2015,255,XC-7,2017,27428.70000,FE
3,SS-2887-13224,81,Borges,Barros,"10/08/2021, 00:00:00",256,APU-12,2022,,FB
light,UD-9171-32504,13,Tapia Group,Mälzer,"12/24/2024, 00:00:00",257,APU-12,2021,13428.60000,FA
2,KR-1162-57340,45,Lopes Correia e Filhos,Hübel Ebert GmbH,14 Mar 2017,258,APU-12,2021,13432.50000,FB
heavy,LD-4593-13709,46,Lopes Correia e Filhos,Barnett-Stone,03 Oct 2018,259,XC-7,2019,20378.80000,FA
 heavy ,JA-9824-73242,8,Harris-Moore,Hübel Ebert GmbH,2023-04-28,260,APU-12,2022,,FB
2,WX-4961-65853,46,Pinto,Lopes Correia e Filhos,"10/05/2018, 00:00:00",261,APU-15,2012,43762.50000,FC
1,RH-5292-55373,19,Junken AG & Co. OHG,Paiva e Filhos,2024/09/29,262,APU-12,2018,22970.80000,FD
light,XY-9552-21567,0,Borges,Tapia Group,03 Feb 2022,263,XC-7,2023,6355.20000,FD
H,UP-9789-05711,81,Martins,Carlson-Spears,2016-08-11,264,XC-7,2023,4835.60000,FA
N,VU-1159-77069,111,Rosenow GmbH & Co. KGaA,Carlson-Spears,2020/01/20,265,APU-15,2021,11201.10000,FE
heavy,ET-6900-01130,83,Valente S.A.,Leal S.A.,2017/10/13,266,APU-20,2023,6644.80000,FC
light,RA-4054-00478,6,Maxwell-Lewis,Villanueva-Flynn,2024-01-07,267,XC-7,2018,21059.70000,FC
N,ZM-5020-41265,56,Martins,Junken AG & Co. OHG,10 Aug 2018,268,APU-12,2020,15132.30000,FB
normal,BM-8150-31153,67,Machado Simões S/A,Villanueva-Flynn,17 Oct 2016,269,APU-12,2021,12678.20000,FE
2,SV-5776-14282,46,Coleman-Sanford,Paiva e Filhos,"12/24/2015, 00:00:00",270,XC-7,2022,9745.60000,FD
 heavy ,EC-0161-76096,118,Junken AG & Co. OHG,Rosenow GmbH & Co. KGaA,2020/04/24,271,APU-20,2019,19066.50000,FC
heavy,NB-7630-87405,118,Maxwell-Lewis,Klotz AG & Co. OHG,2021-04-30,272,XC-7,2020,16370.70000,FC
heavy,MA-0659-52315,108,Rice-Sims,Correia S/A,2024/08/25,273,XC-7,2024,,FD
normal,ZE-6491-44853,66,Roskoth,Maia S/A,08 May 2024,274,APU-15,2020,14262.10000,FB
2,ES-7596-34894,20,Dowerg,Reis,2016-10-15,275,APU-20,2022,9954.30000,FA
light,FZ-2643-44361,25,Cardoso,Rice-Sims,"05/20/2017, 00:00:00",276,XC-7,2022,9742.30000,FE
L,AS-7533-45375,23,Leal S.A.,Rädel Aumann KGaA,2015/02/07,277,APU-12,2022,9876.50000,FD
2,NY-1561-39704,56,Rice-Sims,Reis,2022-10-04,278,XC-7,2020,16727.00000,FB
 2 ,LR-6387-06477,62,Cruz,Cruz,2018/06/19,279,APU-15,2015,32173.30000,FB
normal,YK-2240-01309,72,Villanueva-Flynn,Leal S.A.,2015/05/14,280,APU-12,2021,11789.50000,FB
L,QC-5551-39925,7,Villanueva-Flynn,Harris-Moore,"05/24/2024, 00:00:00",281,APU-15,2023,6249.70000,FA
3,SI-3787-63268,90,Schmidt,Leal S.A.,"04/21/2019, 00:00:00",282,APU-15,2018,22483.70000,FB
normal,AW-6695-57377,53,Barnett-Stone,Moreira,2022/04/17,283,APU-12,2020,,FA
2,DZ-1866-31664,64,Barros,Maxwell-Lewis,"05/27/2022, 00:00:00",284,APU-20,2019,18680.80000,FD
heavy,QW-2501-80846,107,Paiva e Filhos,Rädel Aumann KGaA,"12/05/2021, 00:00:00",285,APU-20,2021,11052.60000,FD
med,JT-2186-61171,38,Rädel Aumann KGaA,Machado Simões S/A,2017-01-29,286,APU-20,2020,16910.60000,FB
heavy,QM-7947-32964,65,Brooks Group,Carlson-Spears,"10/31/2019, 00:00:00",287,APU-20,2022,,FB
1,SM-8432-29603,12,Coleman-Sanford,Bähr,2017-06-19,288,APU-20,2021,12413.70000,FD
normal,LJ-3563-49819,52,Maxwell-Lewis,Mälzer,31 Dec 2015,289,XC-7,2022,7700.40000,FA
1,ZP-9429-84147,67,Coleman-Sanford,Tavares,2017-03-02,290,APU-12,2023,6733.00000,FC
med,SR-8835-52445,116,Bähr,Mälzer,2023/02/17,291,XC-7,2017,25662.70000,FC
heavy,OL-7690-09994,107,Brooks Group,Barnett-Stone,2024/08/08,292,APU-12,2021,12667.90000,FC
L,DP-2248-48062,33,Loureiro Vicente e Filhos,Barnett-Stone,2016/01/15,293,XC-7,2019,18164.20000,FB
1,CX-4134-28236,5,Carneiro S/A,Leal S.A.,"12/21/2015, 00:00:00",294,XC-7,2021,12899.00000,FC
 3 ,JS-9405-05602,96,Dowerg,Villanueva-Flynn,23 Apr 2023,295,APU-12,2021,11243.20000,FE
3,CA-2883-44611,100,Correia S/A,Bähr,2021/09/25,296,APU-20,2014,36895.30000,FB
3,BA-1555-31512,32,Loureiro Vicente e Filhos,Barros,2023/07/28,297,APU-15,2019,20944.40000,FD
3,US-1390-55290,61,Correia S/A,Mälzer,2022-02-26,298,XC-7,2021,13002.10000,FB
2,SM-0466-87164,3,Pinto,Valente S.A.,2015/01/12,299,XC-7,2021,11383.60000,FA
heavy,TX-4996-88391,105,Mälzer,Loureiro Vicente e Filhos,2023-11-20,300,APU-12,2022,9725.50000,FD
N,OB-6517-98584,60,Cruz,Maxwell-Lewis,2022-03-12,301,XC-7,2022,10174.20000,FA
light,BJ-4734-17663,17,Maxwell-Lewis,Loureiro Vicente e Filhos,2021-11-19,302,APU-12,2020,,FD
1,OH-8356-89559,47,Schmidt,Schmidt,2021-03-25,303,XC-7,2022,8555.90000,FB
normal,AT-7388-01287,8,Dowerg,Coleman-Sanford,"06/26/2019, 00:00:00",304,XC-7,2022,8988.30000,FC
1,NZ-8795-98594,19,Rosenow GmbH & Co. KGaA,Junken AG & Co. OHG,2023-02-27,305,APU-15,2022,9035.50000,FC
3,CX-6812-27678,84,Coleman-Sanford,Villanueva-Flynn,2020/08/25,306,XC-7,2023,6556.80000,FC
med,GW-9140-84159,4,Tavares,Barros,2020-05-26,307,APU-12,2021,10955.20000,FD
heavy,NT-9934-61186,25,Barnett-Stone,Lopes Correia e Filhos,11 Feb 2017,308,APU-15,2021,11188.20000,FB
N,IO-2265-52045,73,Carneiro S/A,Carlson-Spears,2018-03-25,309,APU-15,2023,5266.70000,FE
L,LU-8251-00821,23,Roskoth,Lopes Correia e Filhos,27 May 2017,310,XC-7,2024,3179.30000,FC
normal,RR-2449-15442,41,Borges,Correia S/A,2017/03/12,311,XC-7,2019,18816.70000,FD
 3 ,QZ-4115-83395,91,Cruz,Pinto,2017/01/22,312,APU-12,2023,6982.20000,FE
3,AH-6014-88895,103,Paiva e Filhos,Barros,2018/01/13,313,XC-7,2024,2950.50000,FE
L,FG-3417-33524,21,Henson Group,Schmidt,2017/11/09,314,APU-12,2021,13374.50000,FB
med,JS-0842-05704,62,Coleman-Sanford,Franke AG,2018-03-15,315,APU-20,2019,19214.30000,FE
2,TU-6494-93175,68,Martins,Villanueva-Flynn,2021/01/25,316,XC-7,2022,8409.60000,FE
1,UC-7486-44294,31,Maia S/A,Junken AG & Co. OHG,"10/01/2023, 00:00:00",317,APU-20,2022,7196.90000,FC
heavy,LW-6655-97729,27,Lopes Correia e Filhos,Borges,2019/11/04,318,APU-15,2017,26381.80000,FD
L,RX-1991-28932,25,Cardoso,Villanueva-Flynn,"07/10/2019, 00:00:00",319,APU-20,2022,10104.20000,FE
normal,IP-4109-14226,63,Cruz,Barros,2018-05-31,320,APU-20,2020,14906.50000,FE
med,MP-6555-49816,75,Junken AG & Co. OHG,Tavares,2017/04/28,321,APU-15,2020,14666.60000,FB
light,AN-2515-37351,74,Rädel Aumann KGaA,Correia S/A,20 Dec 2017,322,APU-20,2022,9846.50000,FC
H,VV-0472-84543,19,Paiva e Filhos,Lopes Correia e Filhos,18 Nov 2022,323,APU-20,2022,7987.70000,FB
L,YY-0432-86920,34,Schmidt,Barros,2017-04-18,324,APU-12,2020,16230.60000,FA
3,IU-9101-06886,87,Correia S/A,Lopes Correia e Filhos,"02/19/2018, 00:00:00",325,APU-20,2023,4679.10000,FB
 L ,XC-3760-34172,68,Lopes Correia e Filhos,Maia S/A,2016-10-31,326,XC-7,2014,35905.20000,FC
3,ZU-6100-22597,114,Henson Group,Coleman-Sanford,2022-12-13,327,APU-12,2020,14322.30000,FA
normal,RV-7156-49436,45,Rice-Sims,Klotz AG & Co. OHG,2019/03/02,328,APU-12,2019,19582.70000,FE
normal,IH-8733-43605,50,Cardoso,Dowerg,"04/18/2018, 00:00:00",329,XC-7,2021,13084.30000,FC
1,LC-0599-74044,40,Rädel Aumann KGaA,Villanueva-Flynn,08 Aug 2017,330,APU-20,2014,35141.80000,FC
1,JG-8598-98572,39,Klotz AG & Co. OHG,Franke AG,2018/08/28,331,APU-12,2022,10277.00000,FA
1,ID-3939-45093,31,Hübel Ebert GmbH,Correia S/A,2018-05-14,332,XC-7,2023,6475.10000,FB
N,IK-9682-63649,48,Martins,Mälzer,"05/09/2018, 00:00:00",333,APU-20,2012,45000.00000,FD
med,SS-9495-90899,110,Borges,Pinto,"05/16/2020, 00:00:00",334,APU-15,2015,34728.80000,FD
L,RF-4348-78053,87,Pinto,Paiva e Filhos,2018-05-10,335,APU-12,2023,6680.80000,FB
L,HS-3248-60406,35,Tapia Group,Maia S/A,2019/09/03,336,APU-12,2020,15607.90000,FD
L,QQ-3026-00980,35,Tapia Group,Carneiro S/A,2018/02/18,337,APU-12,2020,14410.20000,FB
1,LP-9187-74084,33,Machado Simões S/A,Franke AG,2020-01-11,338,APU-15,2014,37255.00000,FD
 med ,AG-8351-84591,45,Rosenow GmbH & Co. KGaA,Lopes Correia e Filhos,"01/30/2018, 00:00:00",339,XC-7,2021,10785.90000,FA
heavy,PT-0193-89930,102,Roskoth,Correia S/A,2017/02/15,340,APU-15,2021,12670.90000,FD
light,AW-1736-19601,16,Rosenow GmbH & Co. KGaA,Junken AG & Co. OHG,26 Nov 2020,341,APU-12,2022,8233.90000,FC
N,TF-1643-02449,70,Martins,Cruz,2015-12-09,342,APU-15,2020,15584.30000,FE
3,WR-1685-00244,17,Loureiro Vicente e Filhos,Valente S.A.,2024/02/09,343,APU-15,2022,8085.90000,FA
3,FX-2745-37171,61,Maia S/A,Schmidt,2016-03-30,344,APU-15,2022,,FA
3,IM-4094-50752,6,Maia S/A,Lopes Correia e Filhos,2023/11/25,345,APU-12,2019,20014.10000,FD
3,UM-5212-41608,70,Machado Simões S/A,Bähr,2024/05/30,346,APU-15,2022,9961.00000,FB
normal,OP-8892-85749,44,Rosenow GmbH & Co. KGaA,Hübel Ebert GmbH,2021-03-26,347,APU-12,2020,14929.40000,FA
med,MX-8452-03986,40,Cardoso,Dowerg,06 Oct 2016,348,APU-20,2022,9126.10000,FE
1,VO-0032-28171,110,Tapia Group,Klotz AG & Co. OHG,2019-03-27,349,APU-15,2021,10596.80000,FC
1,GK-3792-06351,4,Roskoth,Schmidt,"10/15/2023, 00:00:00",350,APU-20,2023,5075.50000,FA
3,QZ-8101-83532,100,Borges,Henson Group,2023-02-22,351,APU-15,2019,18722.20000,FE
H,PW-4115-52911,97,Correia S/A,Tapia Group,2022/12/03,352,APU-12,2021,10825.10000,FA
med,WK-5868-62767,72,Tapia Group,Rädel Aumann KGaA,"07/27/2015, 00:00:00",353,XC-7,2020,14958.20000,FE
H,PC-6226-17152,25,Correia S/A,Harris-Moore,2023/07/07,354,APU-12,2022,10268.30000,FC
heavy,HV-1205-80832,98,Cruz,Barnett-Stone,2019/11/23,355,APU-15,2023,6735.20000,FE
N,PA-9757-42741,79,Carlson-Spears,Lopes Correia e Filhos,18 Dec 2023,356,XC-7,2021,11800.50000,FA
N,GF-5652-14011,25,Villanueva-Flynn,Cardoso,2024/12/17,357,APU-15,2019,19861.80000,FD
L,QL-0401-65936,30,Villanueva-Flynn,Coleman-Sanford,"11/28/2020, 00:00:00",358,APU-12,2023,6518.80000,FC
med,ZH-0131-14933,30,Carlson-Spears,Mälzer,2017/09/15,359,APU-15,2017,24637.20000,FE
normal,NF-5539-96565,46,Cardoso,Brooks Group,2022-10-01,360,APU-15,2018,21123.60000,FD
light,MI-8145-43799,15,Mälzer,Correia S/A,"01/26/2019, 00:00:00",361,XC-7,2023,6803.60000,FA
heavy,DT-4140-22235,87,Brooks Group,Barnett-Stone,"11/24/2017, 00:00:00",362,APU-12,2022,8383.50000,FD
 2 ,KL-7436-78216,50,Moreira,Loureiro Vicente e Filhos,2021-08-29,363,APU-12,2021,13203.80000,FC
light,DU-4369-75668,33,Barnett-Stone,Bähr,12 Jan 2023,364,XC-7,2021,13601.30000,FE
L,NX-0214-40462,73,Bähr,Henson Group,"07/26/2024, 00:00:00",365,APU-20,2023,6120.60000,FC
normal,VH-3769-52195,66,Carlson-Spears,Tapia Group,"08/09/2016, 00:00:00",366,XC-7,2020,16875.30000,FA
N,QW-9642-71406,61,Villanueva-Flynn,Klotz AG & Co. OHG,"11/30/2017, 00:00:00",367,APU-12,2021,10868.10000,FB
N,YR-4944-99470,70,Coleman-Sanford,Maia S/A,2016/09/14,368,XC-7,2021,12270.50000,FD
N,LQ-3675-50336,46,Tavares,Cardoso,2022-10-22,369,APU-15,2023,5013.50000,FE
med,AW-1789-72053,73,Barros,Cruz,"05/07/2020, 00:00:00",370,APU-20,2019,18312.70000,FC
light,VW-7569-38507,35,Dowerg,Leal S.A.,2017/11/20,371,APU-15,2018,21595.80000,FD
light,LW-6927-26294,5,Paiva e Filhos,Franke AG,"10/19/2022, 00:00:00",372,APU-15,2019,18620.40000,FD
1,CQ-1932-50629,21,Hübel Ebert GmbH,Valente S.A.,15 Apr 2023,373,XC-7,2022,9262.90000,FB
normal,ZT-7613-20993,76,Martins,Carlson-Spears,2016/09/24,374,XC-7,2022,10138.90000,FD
H,CG-9843-44676,41,Harris-Moore,Junken AG & Co. OHG,03 Feb 2019,375,APU-12,2019,20930.20000,FB
 heavy ,RI-3163-27792,92,Brooks Group,Maia S/A,"01/29/2017, 00:00:00",376,APU-15,2021,12134.90000,FC
L,MQ-9315-36854,4,Tavares,Cruz,2024-06-21,377,XC-7,2020,14312.50000,FD
light,WJ-2616-10520,9,Lopes Correia e Filhos,Leal S.A.,"04/15/2018, 00:00:00",378,APU-12,2020,17450.20000,FE
med,FP-7252-89709,112,Rosenow GmbH & Co. KGaA,Martins,2017/12/27,379,APU-15,2018,22235.30000,FC
L,ME-9285-27275,22,Rosenow GmbH & Co. KGaA,Martins,2021-11-07,380,APU-15,2022,10156.50000,FD
L,KE-1332-56479,3,Klotz AG & Co. OHG,Bähr,2017-05-25,381,XC-7,2019,18686.70000,FD
light,UZ-3926-02321,8,Maxwell-Lewis,Rädel Aumann KGaA,"10/12/2019, 00:00:00",382,XC-7,2016,29539.10000,FD
3,WK-0798-36678,106,Cardoso,Cruz,19 Jan 2023,383,APU-20,2022,10058.60000,FB
3,KM-8592-80102,112,Correia S/A,Cardoso,2021/07/05,384,APU-15,2022,8129.10000,FB
 2 ,FP-2125-90499,40,Cruz,Hübel Ebert GmbH,27 Mar 2020,385,APU-15,2020,14377.20000,FD
normal,WJ-2344-46274,57,Lopes Correia e Filhos,Borges,"09/01/2019, 00:00:00",386,APU-15,2018,23646.70000,FB
med,EE-3355-72868,100,Klotz AG & Co. OHG,Loureiro Vicente e Filhos,2022-04-21,387,XC-7,2023,6337.00000,FC
2,NW-2379-61955,73,Franke AG,Mälzer,"07/18/2021, 00:00:00",388,XC-7,2023,3591.50000,FC
3,DZ-9299-83014,91,Brooks Group,Lopes Correia e Filhos,"05/26/2021, 00:00:00",389,APU-15,2022,9299.20000,FE
normal,XL-7206-80275,45,Carlson-Spears,Maia S/A,2016-03-27,390,APU-12,2017,27498.90000,FA
 L ,MO-6972-87856,29,Martins,Maxwell-Lewis,"04/29/2018, 00:00:00",391,XC-7,2021,13610.20000,FC
 N ,QW-7705-14508,65,Tapia Group,Carlson-Spears,2022/10/14,392,APU-20,2022,10389.00000,FA
L,IB-5124-08663,13,Henson Group,Rosenow GmbH & Co. KGaA,2022/09/14,393,XC-7,2019,17691.90000,FA
 normal ,VN-5136-04140,65,Machado Simões S/A,Leal S.A.,"08/02/2015, 00:00:00",394,APU-20,2018,23397.00000,FC
med,UX-5075-93739,66,Harris-Moore,Moreira,08 Nov 2019,395,APU-15,2022,10169.20000,FB
H,GA-5364-14220,61,Loureiro Vicente e Filhos,Lopes Correia e Filhos,21 Aug 2017,396,APU-15,2021,,FD
 2 ,LP-1240-21188,49,Barnett-Stone,"Nguyen, Freeman and Roy",19 May 2021,397,XC-7,2018,22722.30000,FA
 1 ,ZD-3582-35043,7,Pinto,Borges,2022/07/25,398,XC-7,2022,9620.30000,FA
N,UO-4213-69312,34,Mälzer,Rädel Aumann KGaA,2023-04-23,399,APU-20,2021,12738.50000,FD
light,DC-3833-92488,27,Barnett-Stone,Mälzer,2019/12/07,400,APU-20,2021,13215.30000,FC
1,OS-2800-57240,21,Brooks Group,Reis,19 Nov 2019,401,APU-12,2019,18224.70000,FE
 N ,JZ-9287-10974,75,Brooks Group,Maxwell-Lewis,"10/16/2017, 00:00:00",402,APU-20,2012,45000.00000,FA
 3 ,VP-7884-60259,22,Valente S.A.,Villanueva-Flynn,2023/02/22,403,APU-15,2021,11017.30000,FA
1,BO-3515-99754,3,Barros,Reis,"12/01/2021, 00:00:00",404,APU-15,2021,10973.20000,FE
 L ,MX-0415-16626,15,Harris-Moore,Klotz AG & Co. OHG,"09/01/2022, 00:00:00",405,APU-12,2014,37024.10000,FD
N,EA-8531-06755,47,Bähr,Mälzer,2022/09/02,406,APU-12,2019,19627.70000,FB
3,SP-6918-38917,92,Carlson-Spears,Rädel Aumann KGaA,"11/19/2021, 00:00:00",407,APU-20,2018,21192.80000,FE
med,IY-5414-33423,79,Lopes Correia e Filhos,Paiva e Filhos,2024/03/05,408,APU-12,2021,10560.70000,FD
3,JF-4034-70916,100,Correia S/A,Bähr,"03/13/2015, 00:00:00",409,XC-7,2020,14409.70000,FE
2,FK-5128-02959,70,Carneiro S/A,Rice-Sims,2022/03/18,410,APU-12,2013,40345.10000,FC
H,RC-2915-65930,97,Carneiro S/A,Schmidt,09 Aug 2017,411,APU-12,2019,18035.40000,FB
L,VE-3650-26016,39,Correia S/A,Maxwell-Lewis,2020/08/17,412,APU-20,2022,10256.60000,FC
heavy,TF-8587-50816,23,Correia S/A,Leal S.A.,2019/02/27,413,APU-15,2023,5302.60000,FC
normal,JR-7118-19543,60,Rädel Aumann KGaA,Tapia Group,2019/12/21,414,APU-20,2020,15231.90000,FC
3,WW-8320-63063,93,Villanueva-Flynn,Coleman-Sanford,"02/02/2017, 00:00:00",415,APU-15,2022,8236.70000,FB
med,EO-1425-06639,9,Franke AG,Tavares,"04/16/2015, 00:00:00",416,APU-20,2021,11292.30000,FD
 heavy ,KT-7682-20685,119,Franke AG,Hübel Ebert GmbH,2022/12/01,417,APU-20,2019,20099.00000,FC
L,PE-2141-07598,3,Correia S/A,Rosenow GmbH & Co. KGaA,"02/11/2021, 00:00:00",418,XC-7,2022,8643.10000,FC
1,YO-9435-34331,15,Borges,Carneiro S/A,2015/08/29,419,APU-20,2023,,FA
L,YD-6207-17077,11,Pinto,Klotz AG & Co. OHG,12 Aug 2019,420,APU-20,2019,18818.80000,FD
normal,HI-7537-70206,71,Mälzer,Moreira,"08/14/2015, 00:00:00",421,APU-12,2020,16005.00000,FD
1,GP-2130-23961,8,Cruz,Maia S/A,2015/09/06,422,XC-7,2021,11900.90000,FB
1,OJ-5345-88385,27,Barnett-Stone,"Nguyen, Freeman and Roy",01 Apr 2022,423,APU-20,2021,10554.50000,FA
heavy,RZ-5527-04383,98,Machado Simões S/A,Harris-Moore,"05/19/2019, 00:00:00",424,XC-7,2018,22435.00000,FE
light,VA-0353-23672,4,Maia S/A,Roskoth,2016-09-07,425,APU-15,2022,9122.30000,FA
normal,QN-5182-43858,63,Tapia Group,Tapia Group,"05/20/2021, 00:00:00",426,APU-12,2023,5740.80000,FB
2,CO-6813-78065,40,Barnett-Stone,Hübel Ebert GmbH,2023-06-10,427,APU-12,2021,11433.80000,FD
heavy,TL-7902-01306,97,Rice-Sims,Valente S.A.,28 Oct 2016,428,XC-7,2021,11316.50000,FE
H,JT-5792-63029,103,Rice-Sims,Maxwell-Lewis,2024-10-06,429,APU-15,2017,26662.10000,FA
1,PM-2603-71345,3,Villanueva-Flynn,Rice-Sims,27 May 2021,430,APU-15,2022,7822.50000,FC
3,RM-7890-47610,108,Tavares,Maia S/A,2015-10-17,431,APU-20,2021,,FB
light,YS-6851-14993,2,Bähr,Moreira,18 Jun 2016,432,APU-15,2023,4007.00000,FE
med,FV-6775-76118,42,Carlson-Spears,Villanueva-Flynn,23 Sep 2017,433,APU-20,2023,6384.50000,FB
N,SL-7829-75548,33,Cruz,Carneiro S/A,2021/05/13,434,APU-15,2022,9267.40000,FB
1,VJ-6434-66752,27,Cruz,Correia S/A,02 Aug 2016,435,XC-7,2019,18509.20000,FD
L,PJ-3412-76321,21,Schmidt,Loureiro Vicente e Filhos,"11/21/2024, 00:00:00",436,XC-7,2021,13811.00000,FB
light,FV-0564-13431,1,Loureiro Vicente e Filhos,Schmidt,2020-11-21,437,XC-7,2022,,FE
N,WU-4106-72612,30,Coleman-Sanford,Barnett-Stone,2024/05/31,438,APU-20,2020,,FA
1,RV-0992-13642,22,Correia S/A,Klotz AG & Co. OHG,11 Nov 2015,439,APU-15,2022,,FD
med,JE-0333-46820,56,Villanueva-Flynn,Junken AG & Co. OHG,2022-07-06,440,XC-7,2023,6662.60000,FE
1,IA-4271-44428,45,Rosenow GmbH & Co. KGaA,Martins,2020-10-01,441,APU-20,2022,8314.60000,FC
2,IM-8791-15102,6,Tavares,Klotz AG & Co. OHG,19 Mar 2019,442,APU-15,2022,9354.70000,FE
3,TX-0289-37866,80,Maxwell-Lewis,Valente S.A.,12 Apr 2022,443,APU-20,2022,9279.20000,FA
light,QY-7614-22945,72,Loureiro Vicente e Filhos,Maxwell-Lewis,2016/06/25,444,APU-20,2022,8420.30000,FE
L,EB-7841-65244,21,Reis,Schmidt,2015-08-15,445,APU-12,2023,4833.90000,FA
light,GP-3047-32370,80,Pinto,Hübel Ebert GmbH,2019-01-23,446,APU-15,2022,7740.00000,FE
L,PV-3235-73656,39,Barnett-Stone,Villanueva-Flynn,27 Dec 2015,447,APU-15,2022,7279.20000,FA
 med ,UZ-5237-94277,45,Martins,Franke AG,2018/10/11,448,APU-20,2023,6086.70000,FB
2,OE-7646-27636,103,Tavares,Reis,2020-08-17,449,APU-20,2018,22581.40000,FB
3,ZU-9815-11130,113,Martins,Coleman-Sanford,2018-10-05,450,APU-12,2020,17196.10000,FB
light,RK-4641-46986,34,Borges,Klotz AG & Co. OHG,2022-03-17,451,APU-12,2014,35692.20000,FD
light,RH-4762-77476,31,Junken AG & Co. OHG,Franke AG,"09/11/2018, 00:00:00",452,APU-12,2018,,FC
2,HC-4294-57181,112,Dowerg,Leal S.A.,10 Jan 2017,453,APU-15,2023,6701.50000,FA
N,FO-8172-13199,65,Hübel Ebert GmbH,Harris-Moore,2024-09-25,454,XC-7,2022,,FA
L,KU-3211-36661,117,Barros,Junken AG & Co. OHG,05 Nov 2024,455,XC-7,2014,37913.10000,FB
2,RA-8995-07424,61,Hübel Ebert GmbH,Franke AG,"12/12/2023, 00:00:00",456,XC-7,2021,12108.10000,FD
light,RA-3219-38283,37,Klotz AG & Co. OHG,Rosenow GmbH & Co. KGaA,13 Jun 2021,457,XC-7,2021,13147.30000,FB
med,QU-2139-51568,63,Franke AG,Martins,2018-12-24,458,XC-7,2024,3322.20000,FD
1,WZ-7480-21045,1,Roskoth,Reis,"11/22/2015, 00:00:00",459,APU-15,2020,14274.00000,FA
2,CG-8969-39620,51,Borges,Pinto,"04/03/2016, 00:00:00",460,APU-20,2023,6756.40000,FC
2,ZV-8592-17856,66,Carneiro S/A,Rädel Aumann KGaA,2015/07/24,461,APU-20,2019,17628.30000,FC
normal,JL-5909-20810,41,Junken AG & Co. OHG,"Nguyen, Freeman and Roy","08/26/2019, 00:00:00",462,XC-7,2023,6660.80000,FB
med,PI-8362-39816,49,Rice-Sims,Cardoso,2024-06-04,463,XC-7,2021,10721.30000,FD
1,SR-5836-31188,28,Correia S/A,Machado Simões S/A,2017/03/11,464,APU-20,2022,8768.10000,FE
normal,HU-7795-54236,44,Tavares,Machado Simões S/A,2017/11/13,465,APU-20,2022,9186.40000,FC
3,HQ-8821-08096,80,Roskoth,Maia S/A,2018-04-30,466,APU-12,2018,,FC
 1 ,DZ-2615-94057,31,"Nguyen, Freeman and Roy",Rosenow GmbH & Co. KGaA,01 Jul 2017,467,APU-15,2021,11413.00000,FB
light,TE-3257-35051,25,Rice-Sims,Rice-Sims,2017/10/13,468,APU-15,2022,10023.30000,FE
L,SI-9622-44604,11,Borges,Franke AG,"01/17/2024, 00:00:00",469,XC-7,2018,22557.30000,FA
H,VD-0826-80245,114,Klotz AG & Co. OHG,Borges,"03/14/2015, 00:00:00",470,APU-12,2021,11265.10000,FA
1,MX-9804-25196,24,Rädel Aumann KGaA,Dowerg,26 Mar 2017,471,APU-12,2017,25777.00000,FE
 L ,WB-8887-50538,33,Brooks Group,Henson Group,17 Jul 2022,472,XC-7,2023,6483.10000,FB
heavy,AF-5065-36535,8,Moreira,Reis,2015-10-31,473,APU-15,2021,12092.80000,FE
L,HA-6112-37438,56,Roskoth,Mälzer,2024/07/28,474,XC-7,2023,6313.00000,FE
1,DB-3862-24109,87,Cruz,Tavares,15 Jul 2024,475,XC-7,2022,7560.60000,FA
2,UX-5248-82375,53,Franke AG,Hübel Ebert GmbH,04 Jan 2016,476,APU-20,2023,4459.90000,FB
light,NM-8939-74627,22,Bähr,Rice-Sims,2019-07-18,477,APU-20,2022,7361.90000,FB
normal,GN-7013-55160,55,"Nguyen, Freeman and Roy",Leal S.A.,09 May 2016,478,APU-12,2022,8329.80000,FB
L,IY-0728-04661,1,Cardoso,Maxwell-Lewis,"01/19/2017, 00:00:00",479,APU-20,2022,9775.20000,FB
3,KW-9528-65879,115,Villanueva-Flynn,Schmidt,2021/12/13,480,APU-15,2020,17133.10000,FD
light,PE-9374-08936,18,Carneiro S/A,Villanueva-Flynn,"04/04/2019, 00:00:00",481,APU-12,2023,6755.80000,FC
2,YQ-9228-84780,64,Paiva e Filhos,Maxwell-Lewis,21 Aug 2024,482,APU-20,2020,17073.00000,FD
normal,DL-2331-40405,75,Moreira,Mälzer,2024-10-30,483,APU-20,2020,14104.80000,FD
light,YO-4763-70192,22,Dowerg,Schmidt,"11/27/2024, 00:00:00",484,XC-7,2012,45000.00000,FB
2,ZT-6109-94318,59,Carneiro S/A,Rädel Aumann KGaA,2023/09/20,485,APU-15,2022,8265.20000,FC
1,XJ-8909-76549,33,Brooks Group,Rosenow GmbH & Co. KGaA,2023/05/27,486,XC-7,2021,11553.10000,FD
L,CB-6486-41557,51,Junken AG & Co. OHG,"Nguyen, Freeman and Roy",2020-10-09,487,APU-15,2022,7246.70000,FA
 heavy ,TA-4598-61896,100,"Nguyen, Freeman and Roy",Cardoso,"04/04/2023, 00:00:00",488,APU-15,2020,17147.00000,FA
med,MT-9252-28959,42,Barros,Coleman-Sanford,"03/06/2023, 00:00:00",489,APU-15,2013,,FA
normal,NR-4411-31130,54,Dowerg,Schmidt,2020-01-31,490,APU-15,2018,22859.60000,FA
1,WK-5246-56245,11,Maia S/A,Rosenow GmbH & Co. KGaA,2019-09-25,491,APU-12,2021,12991.60000,FB
3,NE-8620-65927,110,Lopes Correia e Filhos,Franke AG,06 May 2018,492,APU-20,2022,9538.80000,FC
heavy,NH-8635-24370,96,Machado Simões S/A,Cardoso,2019-02-11,493,APU-20,2023,5361.20000,FA
L,PK-4290-16338,18,Carlson-Spears,Dowerg,2015-06-19,494,APU-15,2023,4747.70000,FC
heavy,TI-8427-75538,97,Cardoso,Paiva e Filhos,"08/20/2022, 00:00:00",495,APU-12,2014,37238.70000,FB
2,VB-6198-76629,40,Villanueva-Flynn,Barnett-Stone,2021-06-20,496,XC-7,2020,14788.30000,FC
light,IB-5778-99976,35,Coleman-Sanford,Villanueva-Flynn,29 Jul 2018,497,APU-12,2020,16024.00000,FD
 L ,VP-6363-64054,34,Junken AG & Co. OHG,Borges,25 Jul 2020,498,APU-12,2018,21449.20000,FE
 1 ,AJ-8941-54280,65,Roskoth,"Nguyen, Freeman and Roy","05/30/2018, 00:00:00",499,XC-7,2017,27350.70000,FA
normal,QN-7332-96062,48,Pinto,Bähr,"05/02/2019, 00:00:00",500,XC-7,2018,21739.60000,FB
N,BU-9901-30983,75,Pinto,Borges,2023-12-22,501,APU-12,2021,12662.90000,FD
 light ,CJ-0016-73792,41,Mälzer,Rice-Sims,2024/07/25,502,APU-15,2022,8217.20000,FD
N,FY-7123-70232,69,Bähr,Machado Simões S/A,2020-02-03,503,XC-7,2022,10269.20000,FB
med,FH-7350-92822,40,Carlson-Spears,Moreira,2020-07-31,504,XC-7,2023,6539.70000,FE
3,AQ-9505-18234,2,Carneiro S/A,Harris-Moore,2020/09/26,505,APU-15,2019,17715.90000,FC
3,GE-4408-78319,119,Pinto,Rosenow GmbH & Co. KGaA,2017/05/06,506,APU-12,2022,,FE
1,IZ-5247-52471,13,Barnett-Stone,Coleman-Sanford,"01/23/2017, 00:00:00",507,APU-20,2020,15977.50000,FD
normal,UW-4379-43427,66,Junken AG & Co. OHG,Leal S.A.,2017/01/16,508,APU-15,2021,11089.00000,FD
L,BG-6645-87426,29,Moreira,Villanueva-Flynn,2020-01-19,509,APU-15,2019,19564.50000,FD
H,OQ-0237-21708,89,Hübel Ebert GmbH,Maxwell-Lewis,25 Mar 2020,510,APU-12,2020,15870.00000,FE
med,BB-5750-02672,51,Leal S.A.,Hübel Ebert GmbH,"07/15/2022, 00:00:00",511,XC-7,2021,10765.20000,FE
heavy,NC-6005-60664,117,Tapia Group,Borges,"03/21/2020, 00:00:00",512,APU-12,2023,6602.80000,FD
2,KX-2379-89686,71,Martins,Loureiro Vicente e Filhos,"04/13/2020, 00:00:00",513,APU-12,2020,14279.90000,FD
 2 ,GJ-0597-32186,69,Franke AG,Roskoth,12 Dec 2017,514,APU-20,2021,11153.90000,FC
med,EY-1846-90627,46,Hübel Ebert GmbH,Schmidt,24 Sep 2018,515,XC-7,2021,11329.40000,FC
normal,CP-8431-04406,59,Villanueva-Flynn,Barros,2023/04/19,516,XC-7,2023,,FE
med,VG-2993-24816,22,Junken AG & Co. OHG,Rädel Aumann KGaA,2015-05-30,517,APU-12,2019,20714.90000,FD
 1 ,JY-0565-28947,10,Harris-Moore,Barnett-Stone,2017/06/27,518,APU-15,2022,9781.40000,FC
light,OX-7242-56738,4,Bähr,Reis,20 Nov 2022,519,APU-12,2019,20370.00000,FA
heavy,DT-7226-70811,85,Paiva e Filhos,Pinto,"01/30/2020, 00:00:00",520,APU-12,2021,13629.20000,FE
light,QX-5684-83471,70,Roskoth,Henson Group,2018-05-02,521,XC-7,2018,23509.10000,FB
 heavy ,NG-2201-66998,117,Brooks Group,Loureiro Vicente e Filhos,2019-10-22,522,APU-12,2021,11627.50000,FA
2,XG-9627-10972,45,Bähr,Roskoth,"06/14/2021, 00:00:00",523,APU-12,2022,9106.50000,FB
normal,RB-2468-03816,63,Schmidt,Pinto,29 Apr 2022,524,APU-12,2023,4869.20000,FE
light,VD-5263-41931,20,Coleman-Sanford,Franke AG,04 Jan 2023,525,APU-15,2021,11129.30000,FC
H,OT-7261-87946,108,Mälzer,Rosenow GmbH & Co. KGaA,2015-04-07,526,APU-12,2018,24052.50000,FB
 L ,GK-6169-11626,18,Correia S/A,Tapia Group,20 Jan 2023,527,APU-12,2019,20248.80000,FA
N,KG-0765-88459,46,Carlson-Spears,"Nguyen, Freeman and Roy","11/22/2024, 00:00:00",528,APU-20,2022,7742.00000,FA
1,JQ-5950-41026,12,Loureiro Vicente e Filhos,Rädel Aumann KGaA,08 Sep 2015,529,APU-12,2023,,FC
1,ZW-7722-41745,33,Borges,Valente S.A.,2021/09/19,530,APU-15,2021,13894.40000,FD
3,OK-2833-86465,0,Barnett-Stone,Rice-Sims,29 Feb 2020,531,APU-15,2019,18269.30000,FD
 H ,LW-8125-10262,81,Bähr,Maxwell-Lewis,2015-03-04,532,APU-12,2022,9134.40000,FE
3,PQ-3735-91834,109,Cardoso,Junken AG & Co. OHG,"01/05/2023, 00:00:00",533,APU-20,2019,18055.60000,FB
2,XU-8645-23529,41,Moreira,Roskoth,2019/12/15,534,APU-15,2022,8992.10000,FA
2,BX-8247-59426,44,Carlson-Spears,"Nguyen, Freeman and Roy","04/28/2018, 00:00:00",535,APU-20,2022,9457.80000,FA
med,GX-8849-51810,49,Tapia Group,Borges,2020-09-14,536,XC-7,2023,3984.50000,FC
N,EF-0401-15190,74,Tapia Group,Brooks Group,20 Jun 2015,537,APU-15,2021,10973.00000,FC
light,ME-8127-85800,46,Rädel Aumann KGaA,Pinto,29 Dec 2023,538,APU-12,2020,14181.80000,FD
N,SI-7226-47318,53,Coleman-Sanford,Coleman-Sanford,2021/02/11,539,XC-7,2020,14285.80000,FE
L,JQ-2254-47118,34,Junken AG & Co. OHG,Schmidt,18 Feb 2018,540,XC-7,2023,6189.20000,FB
L,DS-4323-26022,16,Cruz,Hübel Ebert GmbH,30 Jun 2017,541,APU-15,2020,14254.80000,FE
H,XK-8383-06698,80,Machado Simões S/A,Dowerg,2022-05-11,542,APU-12,2021,11232.40000,FC
L,XB-1205-44421,30,Klotz AG & Co. OHG,Rosenow GmbH & Co. KGaA,"04/09/2016, 00:00:00",543,XC-7,2020,14386.30000,FC
L,KB-7118-98877,31,Dowerg,Roskoth,13 Sep 2021,544,XC-7,2022,9092.50000,FD
L,SZ-4005-16367,27,Cardoso,Barros,2024-03-24,545,APU-20,2023,4909.90000,FB
L,UL-0332-70966,11,Klotz AG & Co. OHG,Paiva e Filhos,2017/03/10,546,APU-20,2018,22427.90000,FE
N,QT-5574-66941,32,Klotz AG & Co. OHG,Mälzer,2020/04/22,547,APU-12,2018,22043.30000,FC
light,BJ-3021-46732,32,Valente S.A.,Roskoth,2024-02-27,548,APU-20,2022,7755.00000,FE
L,AA-8420-98234,6,Bähr,Lopes Correia e Filhos,26 Feb 2015,549,APU-20,2020,14501.50000,FA
3,EB-3183-44486,112,Pinto,Brooks Group,2023/06/27,550,APU-20,2020,14250.70000,FC
N,MN-4002-90354,62,Schmidt,Borges,12 Sep 2024,551,APU-12,2017,26770.20000,FD
2,YC-6748-47027,63,Valente S.A.,Schmidt,2022-08-29,552,XC-7,2023,5487.90000,FC
H,SO-7870-46486,84,Tavares,Bähr,2020/06/10,553,APU-12,2022,9185.40000,FA
H,TN-1707-92048,116,Mälzer,Tapia Group,23 Jul 2023,554,XC-7,2019,19420.70000,FE
N,KG-4948-84057,24,Carlson-Spears,Brooks Group,2019/03/15,555,APU-20,2022,10207.40000,FC
light,QG-6398-04914,0,Brooks Group,Leal S.A.,2019-02-19,556,APU-12,2018,21538.90000,FE
 1 ,IH-7186-95368,5,Tavares,Mälzer,2022-06-11,557,XC-7,2023,,FC
N,NP-4154-13266,76,Machado Simões S/A,Mälzer,"11/24/2017, 00:00:00",558,APU-12,2023,5419.40000,FD
light,GY-7058-90877,68,Carneiro S/A,Correia S/A,2023-05-17,559,APU-20,2016,28922.00000,FD
med,SX-1890-89798,54,Henson Group,Pinto,2023-05-23,560,APU-12,2023,6446.80000,FC
L,DD-8897-76714,8,Franke AG,Borges,14 Jul 2024,561,APU-12,2020,16216.50000,FB
light,TT-0463-22065,35,Rice-Sims,Leal S.A.,2016-07-01,562,APU-15,2023,6204.30000,FE
N,NP-8376-22644,79,Martins,Maxwell-Lewis,19 Aug 2015,563,APU-12,2020,15458.70000,FE
L,LR-7149-55769,98,Valente S.A.,"Nguyen, Freeman and Roy","09/25/2016, 00:00:00",564,XC-7,2021,13228.30000,FE
med,NM-1429-71439,75,Rädel Aumann KGaA,Tavares,"10/03/2015, 00:00:00",565,APU-15,2021,10628.30000,FD
normal,YF-9855-41009,41,Roskoth,Machado Simões S/A,13 Jun 2017,566,APU-20,2021,13520.70000,FA
L,FE-1952-28230,24,Paiva e Filhos,Rädel Aumann KGaA,"04/21/2018, 00:00:00",567,APU-12,2023,3937.80000,FC
L,DS-2672-31660,63,Rosenow GmbH & Co. KGaA,Carneiro S/A,2017/02/25,568,APU-12,2021,,FE
1,RU-8180-13803,26,Henson Group,Roskoth,2015-05-24,569,APU-20,2024,3358.80000,FD
normal,VH-4502-36231,69,Hübel Ebert GmbH,Maxwell-Lewis,2021/09/26,570,APU-12,2021,13739.40000,FA
med,MQ-2938-35655,58,Borges,Rädel Aumann KGaA,10 Sep 2024,571,APU-15,2022,8657.80000,FD
normal,HK-1700-49178,2,Bähr,Leal S.A.,"10/02/2019, 00:00:00",572,APU-12,2022,9391.00000,FA
normal,CF-3965-20840,40,Schmidt,Lopes Correia e Filhos,22 May 2019,573,APU-20,2023,5793.40000,FA
 heavy ,VR-0958-42535,103,Maia S/A,Maia S/A,25 Sep 2018,574,XC-7,2021,10913.20000,FB
2,AL-9261-29236,74,Rädel Aumann KGaA,Loureiro Vicente e Filhos,2021/05/23,575,APU-12,2015,33569.70000,FA
med,OL-0111-29724,56,Maxwell-Lewis,Maxwell-Lewis,2015/06/13,576,APU-20,2022,,FB
N,PE-9774-09415,76,Tapia Group,Villanueva-Flynn,2015/04/27,577,APU-20,2023,3726.30000,FA
3,WE-3080-62054,105,Klotz AG & Co. OHG,Rice-Sims,2018/10/02,578,XC-7,2023,3854.80000,FB
med,DZ-2078-57759,70,Moreira,Loureiro Vicente e Filhos,"04/26/2016, 00:00:00",579,XC-7,2020,16866.50000,FB
2,UX-7750-38657,47,Harris-Moore,Borges,"02/01/2024, 00:00:00",580,APU-12,2021,10844.00000,FA
med,MV-5233-29536,74,Loureiro Vicente e Filhos,Loureiro Vicente e Filhos,06 Jul 2021,581,APU-15,2023,4561.90000,FE
2,OQ-4113-86771,30,Reis,Dowerg,2018/04/25,582,XC-7,2022,7595.10000,FD
 heavy ,MP-3672-76359,114,Coleman-Sanford,Villanueva-Flynn,14 Jun 2017,583,APU-20,2021,11938.30000,FE
L,MS-7632-79178,119,Brooks Group,Franke AG,2023/10/21,584,APU-12,2023,5731.30000,FD
3,YV-1767-58417,110,Barnett-Stone,Rosenow GmbH & Co. KGaA,27 Jul 2016,585,XC-7,2021,11472.90000,FA
light,SI-4811-45188,31,Bähr,Moreira,19 Jul 2017,586,XC-7,2020,16415.70000,FC
heavy,KH-8053-30420,80,Pinto,Mälzer,"12/27/2015, 00:00:00",587,APU-20,2023,4235.40000,FB
light,XC-6756-90197,53,Correia S/A,Carneiro S/A,21 Jul 2015,588,APU-20,2022,10249.20000,FD
light,QL-8361-22681,3,Cruz,Maia S/A,2023-05-08,589,XC-7,2020,16653.00000,FB
H,UO-8630-88236,95,Coleman-Sanford,Schmidt,01 Feb 2019,590,APU-15,2023,6638.20000,FA
light,HW-6298-42095,16,Mälzer,Valente S.A.,"07/14/2022, 00:00:00",591,APU-12,2014,37024.90000,FA
N,AR-6103-07499,75,Rice-Sims,Machado Simões S/A,2017/11/12,592,APU-15,2021,12527.60000,FC
light,EN-3487-85269,17,Rice-Sims,Brooks Group,"04/09/2017, 00:00:00",593,XC-7,2021,13386.20000,FE
light,UH-6931-26147,22,Cruz,Pinto,27 Apr 2016,594,APU-15,2023,5623.40000,FC
2,PD-1995-82089,56,Barros,Harris-Moore,11 Aug 2020,595,APU-15,2021,13226.10000,FE
H,AU-5506-97600,103,Moreira,Lopes Correia e Filhos,2018/05/13,596,XC-7,2019,18032.60000,FA
L,GO-9197-30247,29,Barnett-Stone,Rice-Sims,2022/02/16,597,APU-12,2022,10126.60000,FD
3,XP-0385-29203,99,Carlson-Spears,Valente S.A.,2024/08/26,598,APU-20,2023,6565.70000,FA
light,WA-5643-97574,28,Pinto,Dowerg,04 Feb 2018,599,APU-12,2021,13571.20000,FD
N,XR-4048-36815,65,Lopes Correia e Filhos,Correia S/A,2015-11-22,600,APU-15,2016,31238.40000,FD
normal,MD-9366-27868,101,Franke AG,Valente S.A.,"03/05/2017, 00:00:00",601,APU-20,2016,28003.00000,FE
1,GT-5687-54890,7,Tapia Group,Correia S/A,2019-05-16,602,XC-7,2022,10086.80000,FE
1,IV-9381-79701,21,Carlson-Spears,Barnett-Stone,"05/09/2023, 00:00:00",603,APU-15,2022,7185.10000,FA
light,VN-3471-04463,38,Rosenow GmbH & Co. KGaA,Harris-Moore,"11/24/2020, 00:00:00",604,APU-12,2019,19593.20000,FB
normal,CV-5936-41509,62,Valente S.A.,Barros,2018/02/12,605,APU-12,2022,9627.00000,FB
1,BH-4040-40496,33,Tavares,Rädel Aumann KGaA,"05/08/2024, 00:00:00",606,XC-7,2023,5925.50000,FD
1,JA-1111-94590,20,Roskoth,Correia S/A,2022-03-15,607,APU-20,2022,7568.60000,FB
L,GH-9543-84131,86,Junken AG & Co. OHG,Mälzer,2015/10/20,608,APU-12,2018,23419.00000,FA
H,KV-7018-05525,99,Barnett-Stone,Leal S.A.,"11/22/2021, 00:00:00",609,XC-7,2022,9624.60000,FB
H,CY-3676-78570,90,Machado Simões S/A,Lopes Correia e Filhos,2018-02-03,610,APU-20,2023,4857.50000,FA
heavy,OB-3996-17145,93,Loureiro Vicente e Filhos,Barnett-Stone,2015-07-20,611,APU-20,2022,8852.90000,FB
 light ,EC-2327-35653,3,Barros,Coleman-Sanford,"04/27/2024, 00:00:00",612,APU-20,2022,8287.10000,FC
med,QT-2559-21153,45,Hübel Ebert GmbH,Bähr,2022-02-03,613,APU-15,2022,9281.00000,FD
normal,YO-0836-16979,72,Carneiro S/A,Franke AG,"08/30/2015, 00:00:00",614,APU-15,2021,11265.90000,FA
2,XY-8145-19034,49,Coleman-Sanford,Moreira,2021-09-14,615,APU-15,2021,11690.00000,FB
med,GF-4363-71313,57,Correia S/A,Hübel Ebert GmbH,27 Jun 2021,616,APU-12,2022,7683.40000,FC
L,IS-9744-21744,13,Machado Simões S/A,Junken AG & Co. OHG,"03/10/2016, 00:00:00",617,APU-12,2018,22016.30000,FC
 1 ,SX-8820-39421,83,Schmidt,Coleman-Sanford,2024-10-10,618,APU-12,2022,10290.70000,FA
 1 ,JM-5344-49446,93,Carlson-Spears,Barnett-Stone,2020/01/06,619,APU-20,2023,6470.80000,FC
2,WE-7855-12830,54,Bähr,Valente S.A.,22 Jan 2020,620,XC-7,2020,17327.30000,FC
1,FW-7070-36037,71,Pinto,Barros,10 Sep 2020,621,XC-7,2021,12164.30000,FE
2,FS-4819-48850,49,Carneiro S/A,Villanueva-Flynn,2022/05/25,622,APU-15,2024,2453.10000,FC
1,XU-9419-24684,92,Brooks Group,Bähr,17 Jun 2016,623,APU-15,2021,12213.80000,FD
 normal ,ZV-8067-20795,66,Klotz AG & Co. OHG,Hübel Ebert GmbH,2024-09-23,624,APU-20,2021,12087.10000,FA
N,IT-9759-37153,41,Leal S.A.,Moreira,2016/01/28,625,APU-20,2019,20122.30000,FD
2,HI-3578-27665,71,Hübel Ebert GmbH,Mälzer,"09/13/2023, 00:00:00",626,XC-7,2018,22403.70000,FD
L,XB-9317-82255,52,Machado Simões S/A,Lopes Correia e Filhos,"02/17/2018, 00:00:00",627,APU-20,2014,36742.60000,FC
2,HJ-9015-03756,65,Coleman-Sanford,Henson Group,19 May 2017,628,APU-15,2022,10426.30000,FA
med,YQ-6273-98436,118,Hübel Ebert GmbH,Valente S.A.,2019-04-27,629,APU-12,2018,22169.00000,FC
1,NU-1453-77476,32,Cruz,Machado Simões S/A,2016/08/31,630,APU-20,2022,10292.50000,FB
 3 ,TY-6682-21412,37,"Nguyen, Freeman and Roy",Lopes Correia e Filhos,"12/25/2024, 00:00:00",631,XC-7,2020,17300.90000,FE
1,GG-6078-58793,11,"Nguyen, Freeman and Roy",Brooks Group,2023-12-19,632,XC-7,2021,13737.20000,FB
L,BQ-8517-20886,59,Leal S.A.,Machado Simões S/A,2018/05/10,633,APU-20,2020,16372.90000,FD
light,WO-0037-01886,21,Henson Group,Franke AG,2019/06/12,634,APU-15,2020,15363.30000,FC
light,JJ-6077-81514,15,Rosenow GmbH & Co. KGaA,Bähr,2022/09/21,635,APU-12,2021,11334.60000,FE
normal,PY-3760-01977,118,Roskoth,Paiva e Filhos,2020-12-26,636,APU-20,2020,16852.50000,FB
N,IL-1513-37205,49,Carneiro S/A,Bähr,2015-03-19,637,APU-12,2021,10869.20000,FA
1,IM-9736-35401,74,Leal S.A.,Junken AG & Co. OHG,2016/11/15,638,APU-15,2020,14415.70000,FB
N,KS-2492-68897,97,Moreira,Roskoth,2020/11/30,639,APU-20,2021,13528.20000,FE
H,EP-8444-25166,96,Henson Group,Schmidt,2024/02/21,640,APU-12,2022,9176.80000,FE
normal,WQ-9066-10505,59,Mälzer,Dowerg,2018/04/02,641,APU-12,2022,,FB
med,IR-3706-60008,106,Leal S.A.,Harris-Moore,23 Jan 2017,642,APU-20,2020,16507.40000,FE
1,LM-9489-95596,33,Carlson-Spears,Rosenow GmbH & Co. KGaA,23 Nov 2022,643,APU-15,2020,16240.20000,FC
1,PY-8585-89556,27,Coleman-Sanford,Schmidt,"03/24/2022, 00:00:00",644,APU-20,2023,,FC
med,TC-6190-36455,64,Rice-Sims,Rosenow GmbH & Co. KGaA,13 Sep 2022,645,XC-7,2023,3868.80000,FB
1,CC-5118-60660,26,Cruz,Leal S.A.,2020-06-10,646,APU-12,2021,11022.50000,FE
2,FZ-8355-65206,66,Valente S.A.,Cruz,"05/11/2017, 00:00:00",647,APU-20,2023,6733.80000,FE
 3 ,SK-5937-08978,89,Cardoso,Cardoso,"12/30/2023, 00:00:00",648,APU-12,2020,15543.20000,FB
med,HI-0613-55995,26,Borges,Tavares,2016-03-15,649,APU-12,2023,6974.90000,FE
light,UY-6155-20308,10,Pinto,Carneiro S/A,2022/12/22,650,APU-15,2021,12438.80000,FC
3,FH-2258-72324,118,Lopes Correia e Filhos,Brooks Group,2019/01/06,651,APU-20,2019,18989.10000,FC
normal,QO-5655-40975,45,Schmidt,Valente S.A.,2022/03/22,652,APU-12,2022,7012.70000,FD
light,GD-4812-55997,1,Carlson-Spears,Schmidt,17 Feb 2024,653,XC-7,2021,13062.10000,FA
med,UG-1296-51648,55,Hübel Ebert GmbH,Loureiro Vicente e Filhos,2016-12-04,654,APU-20,2021,13201.80000,FD
heavy,SY-5289-02606,86,Cardoso,Carneiro S/A,2023-03-10,655,XC-7,2018,21903.70000,FA
normal,AF-4334-26610,25,Maxwell-Lewis,Machado Simões S/A,14 Oct 2016,656,APU-12,2020,14947.20000,FB
1,SP-7898-44799,29,Carlson-Spears,Henson Group,2024/03/06,657,APU-12,2016,30280.90000,FE
H,RI-4412-78688,94,Tapia Group,Barros,2022-08-22,658,APU-20,2022,9542.80000,FA
3,WC-2127-28143,82,Cardoso,Harris-Moore,2019/01/26,659,APU-20,2019,20348.10000,FA
light,VE-2290-98196,98,Martins,Tavares,"06/14/2015, 00:00:00",660,APU-12,2022,8000.00000,FA
L,LP-1413-18268,111,Paiva e Filhos,Leal S.A.,16 Feb 2020,661,APU-15,2020,14502.90000,FE
H,AG-2965-51982,91,Cardoso,Carlson-Spears,19 Mar 2017,662,XC-7,2022,7146.70000,FD
3,RR-6572-03802,118,Martins,Maxwell-Lewis,2019/02/05,663,APU-12,2022,9533.10000,FA
med,SH-2438-54612,60,Junken AG & Co. OHG,Dowerg,"05/03/2020, 00:00:00",664,APU-12,2023,5965.20000,FC
1,TW-0782-52958,8,Tavares,Cruz,2018-10-21,665,XC-7,2021,13963.20000,FB
light,AO-0176-41330,24,Klotz AG & Co. OHG,Tavares,2015-04-30,666,APU-15,2018,23279.10000,FA
H,LE-7159-37871,86,Schmidt,Lopes Correia e Filhos,27 Oct 2023,667,XC-7,2023,6529.90000,FD
light,BV-2599-93842,16,Hübel Ebert GmbH,Rosenow GmbH & Co. KGaA,2021-07-18,668,XC-7,2021,12785.60000,FD
heavy,NW-8153-10762,112,Dowerg,Reis,"07/21/2021, 00:00:00",669,XC-7,2022,9357.50000,FA
heavy,KU-0079-43116,44,Carlson-Spears,Bähr,19 May 2017,670,XC-7,2022,7814.10000,FA
heavy,YW-9797-50469,81,Barnett-Stone,Tavares,2023-01-06,671,APU-20,2022,7239.30000,FA
light,KE-0926-32693,29,Reis,Reis,01 May 2017,672,APU-15,2020,16607.00000,FC
med,UT-5871-33033,53,Villanueva-Flynn,Roskoth,"02/26/2017, 00:00:00",673,APU-12,2022,7730.30000,FE
light,GF-3304-19608,2,Cruz,Dowerg,"11/05/2015, 00:00:00",674,APU-20,2022,8954.80000,FC
light,UB-0285-74020,47,Machado Simões S/A,Rosenow GmbH & Co. KGaA,2021/08/22,675,APU-12,2023,4682.80000,FA
1,UL-7505-84968,24,Mälzer,Junken AG & Co. OHG,2016/10/18,676,XC-7,2020,17232.30000,FE
H,WB-9137-44763,105,Hübel Ebert GmbH,Rosenow GmbH & Co. KGaA,2018/04/24,677,APU-20,2021,13399.00000,FE
light,ZS-0390-17962,30,Villanueva-Flynn,Rädel Aumann KGaA,15 Jul 2020,678,XC-7,2021,13312.10000,FE
N,UO-3308-06345,69,Machado Simões S/A,Barnett-Stone,2019-02-15,679,APU-15,2022,10156.00000,FE
2,BD-6895-83431,46,"Nguyen, Freeman and Roy",Roskoth,2018/10/01,680,APU-15,2022,7811.90000,FB
N,BI-4839-22915,28,Mälzer,Bähr,2016-11-13,681,APU-20,2020,14308.50000,FA
L,PW-6778-89340,79,Mälzer,Valente S.A.,2020/11/26,682,XC-7,2021,11849.00000,FA
light,UQ-3426-67003,16,Coleman-Sanford,"Nguyen, Freeman and Roy","12/15/2015, 00:00:00",683,XC-7,2020,14373.90000,FB
normal,VL-4754-57439,43,Villanueva-Flynn,Lopes Correia e Filhos,2018/01/14,684,APU-20,2021,11438.70000,FD
N,FG-6964-01619,57,Schmidt,Henson Group,28 May 2022,685,XC-7,2018,21759.60000,FD
med,ZT-2950-66141,26,Rice-Sims,Maia S/A,12 Jan 2024,686,APU-15,2023,6125.30000,FD
N,QH-9622-75201,2,Franke AG,Roskoth,"01/28/2016, 00:00:00",687,XC-7,2023,,FB
light,KC-0050-00575,16,Barros,Rädel Aumann KGaA,"02/06/2020, 00:00:00",688,APU-20,2019,17631.00000,FA
 2 ,PU-8999-20023,116,Barnett-Stone,Cardoso,2015-02-01,689,APU-20,2020,16209.30000,FD
med,PP-6524-17553,39,Reis,Loureiro Vicente e Filhos,2018-04-02,690,XC-7,2020,16528.10000,FA
1,US-5983-48051,13,Klotz AG & Co. OHG,Tavares,2017/12/31,691,APU-12,2024,2774.80000,FE
heavy,SJ-0533-31060,74,Martins,Loureiro Vicente e Filhos,28 Mar 2022,692,APU-15,2022,8031.00000,FD
N,UU-7388-81012,51,Mälzer,Franke AG,2022-01-03,693,APU-15,2021,10869.90000,FB
med,LF-4958-65739,103,"Nguyen, Freeman and Roy",Coleman-Sanford,"10/06/2021, 00:00:00",694,APU-15,2020,15299.50000,FC
L,YP-1558-60348,10,Franke AG,Martins,23 Oct 2015,695,APU-15,2022,9536.10000,FC
light,CX-2358-14481,3,Coleman-Sanford,Rädel Aumann KGaA,29 Jul 2021,696,APU-12,2015,31767.00000,FA
normal,PL-1021-08739,40,Pinto,Borges,"01/19/2021, 00:00:00",697,APU-12,2022,8394.50000,FC
1,AB-8593-17526,36,Franke AG,Maxwell-Lewis,"01/13/2018, 00:00:00",698,APU-15,2016,30744.00000,FD
H,HS-6165-97928,115,Rädel Aumann KGaA,Paiva e Filhos,2018-04-15,699,APU-12,2020,14108.60000,FC
light,TI-9368-40047,4,Correia S/A,Coleman-Sanford,2021/02/01,700,APU-12,2022,8791.80000,FB
2,QZ-4175-62863,47,Machado Simões S/A,Carneiro S/A,2022-04-12,701,APU-12,2017,24606.80000,FC
heavy,HM-7561-25456,30,Bähr,Hübel Ebert GmbH,2016-04-09,702,XC-7,2022,9107.80000,FC
N,HR-8804-77321,55,Roskoth,Carneiro S/A,30 Oct 2019,703,APU-20,2021,10996.90000,FA
3,YE-1237-22152,88,Carlson-Spears,Bähr,2020-07-26,704,APU-15,2021,13666.30000,FE
H,BA-6566-35974,83,"Nguyen, Freeman and Roy",Moreira,2020-07-22,705,APU-20,2023,5510.40000,FB
H,EH-4744-38630,84,Brooks Group,Coleman-Sanford,2020/07/23,706,APU-12,2022,7465.00000,FA
light,OH-8058-59257,37,Paiva e Filhos,Reis,"03/26/2019, 00:00:00",707,APU-20,2021,,FD
med,OE-6701-63698,79,Carneiro S/A,Franke AG,2018/11/15,708,APU-20,2021,12034.80000,FC
 heavy ,QO-8324-70286,113,Tavares,Barnett-Stone,15 Sep 2016,709,APU-15,2023,,FE
3,FK-0345-60412,92,Junken AG & Co. OHG,Mälzer,15 Nov 2023,710,APU-15,2022,9134.70000,FE
1,BK-0230-54817,21,Machado Simões S/A,Roskoth,2019-07-17,711,APU-12,2012,42988.70000,FD
light,CR-2411-53929,15,Bähr,Lopes Correia e Filhos,29 Nov 2018,712,APU-15,2021,11305.20000,FE
N,JQ-5288-68882,45,Junken AG & Co. OHG,Lopes Correia e Filhos,"04/10/2016, 00:00:00",713,XC-7,2020,15616.60000,FB
L,SU-8235-28737,101,Roskoth,Reis,2015/09/02,714,APU-12,2019,19850.90000,FA
light,QY-8592-31550,25,Rice-Sims,Tavares,24 Sep 2021,715,XC-7,2013,41401.10000,FE
normal,UA-7349-57784,51,Cardoso,Martins,2022-09-23,716,APU-15,2017,26904.50000,FC
H,YQ-6652-61340,117,Rädel Aumann KGaA,Martins,2024/12/21,717,APU-20,2021,,FE
normal,XN-1809-84561,59,Leal S.A.,Junken AG & Co. OHG,2024/12/24,718,APU-20,2018,22897.80000,FE
1,NQ-2559-04923,11,Coleman-Sanford,Junken AG & Co. OHG,2019-01-11,719,APU-20,2012,45000.00000,FE
N,RY-0881-78754,70,Barros,Franke AG,2018/05/29,720,XC-7,2014,37698.50000,FA
normal,VH-2021-69705,46,Leal S.A.,Cardoso,2015/04/18,721,APU-12,2018,22205.10000,FB
normal,HJ-3370-41800,18,Barnett-Stone,Machado Simões S/A,28 Jul 2021,722,XC-7,2022,9460.10000,FE
3,TW-5985-79014,115,Mälzer,Leal S.A.,2017-02-02,723,APU-20,2022,9463.30000,FD
med,WY-3606-79938,4,Roskoth,Valente S.A.,2019-05-20,724,APU-15,2023,6336.80000,FC
N,RW-8974-11039,69,Franke AG,Carneiro S/A,2018/06/08,725,XC-7,2020,14994.50000,FA
N,DU-5107-66626,73,Carlson-Spears,Martins,"12/26/2017, 00:00:00",726,XC-7,2022,7837.80000,FC
3,TU-0693-76248,112,Henson Group,Tavares,2020-01-29,727,XC-7,2022,7743.40000,FB
H,TN-5120-15358,113,Henson Group,Roskoth,05 Nov 2021,728,APU-15,2022,8224.60000,FE
1,GC-8979-62362,36,Coleman-Sanford,Rosenow GmbH & Co. KGaA,2019/01/24,729,APU-12,2019,17843.60000,FD
2,HT-3703-76117,63,Correia S/A,Dowerg,"03/30/2020, 00:00:00",730,APU-12,2022,7603.40000,FA
L,WA-0332-36201,34,Rädel Aumann KGaA,Dowerg,2024-09-08,731,APU-12,2023,5353.90000,FA
H,DQ-7601-29826,112,Dowerg,Carlson-Spears,2022/03/25,732,APU-12,2022,8805.90000,FE
normal,AQ-4200-70361,54,Lopes Correia e Filhos,Coleman-Sanford,"12/11/2017, 00:00:00",733,APU-12,2022,9985.60000,FE
 1 ,QN-3138-64373,81,Cruz,Rice-Sims,01 Aug 2022,734,APU-15,2021,11916.50000,FA
2,HR-1930-43539,74,Roskoth,Mälzer,10 Jan 2017,735,APU-20,2020,15920.00000,FD
1,HI-9254-96601,10,Brooks Group,Brooks Group,2023/01/26,736,XC-7,2022,8046.10000,FE
2,CP-8667-07389,46,Valente S.A.,Machado Simões S/A,2020-10-15,737,APU-12,2013,39775.70000,FC
med,FT-8042-52761,32,Villanueva-Flynn,Valente S.A.,2016/12/30,738,XC-7,2023,3906.10000,FB
H,EH-6067-75474,118,Dowerg,Lopes Correia e Filhos,"03/28/2021, 00:00:00",739,APU-20,2020,17015.50000,FD
H,MC-4236-12776,99,Schmidt,Hübel Ebert GmbH,"04/22/2021, 00:00:00",740,APU-20,2022,8620.10000,FA
normal,CI-4908-74714,60,Reis,Henson Group,"03/18/2020, 00:00:00",741,APU-15,2021,13848.70000,FE
med,KL-5695-61419,48,Dowerg,"Nguyen, Freeman and Roy",2020-12-03,742,XC-7,2020,14410.10000,FB
heavy,QR-4425-98896,85,Hübel Ebert GmbH,Cardoso,2016-05-16,743,APU-15,2023,4896.70000,FB
light,ZS-9168-43804,7,Loureiro Vicente e Filhos,Carneiro S/A,2017/11/05,744,XC-7,2020,16086.00000,FD
1,AE-8648-38125,99,Villanueva-Flynn,Carlson-Spears,12 Nov 2019,745,APU-15,2019,19275.90000,FA
L,TK-6550-75150,39,Mälzer,Paiva e Filhos,2017/03/22,746,XC-7,2022,9766.60000,FC
 1 ,TC-4022-06773,12,Coleman-Sanford,Rosenow GmbH & Co. KGaA,2016/09/25,747,XC-7,2022,8397.00000,FD
normal,MB-7922-20270,87,Villanueva-Flynn,Hübel Ebert GmbH,2020/07/21,748,APU-20,2019,17942.10000,FC
light,GP-0485-92839,106,Reis,Carlson-Spears,2022-07-18,749,APU-15,2022,7551.70000,FB
1,NP-3540-84363,14,Carlson-Spears,Moreira,16 Feb 2024,750,APU-12,2021,11460.80000,FB
 L ,TY-4109-46313,27,Reis,Martins,26 Jan 2022,751,APU-15,2020,14965.70000,FB
L,TK-3299-66642,31,Cruz,Henson Group,"04/02/2023, 00:00:00",752,APU-12,2017,27249.60000,FE
light,PD-9178-85164,20,Schmidt,Harris-Moore,"10/28/2021, 00:00:00",753,APU-12,2021,13936.90000,FD
heavy,RN-7476-17542,85,Villanueva-Flynn,Villanueva-Flynn,19 Apr 2022,754,XC-7,2022,8663.10000,FD
light,MQ-6102-75242,23,Harris-Moore,Machado Simões S/A,2015/08/17,755,APU-15,2016,30558.60000,FD
normal,BO-8134-31346,60,Maia S/A,Carneiro S/A,"01/15/2021, 00:00:00",756,APU-15,2018,22866.80000,FE
heavy,FW-1086-65777,88,Reis,Maxwell-Lewis,"10/19/2020, 00:00:00",757,XC-7,2022,7213.70000,FB
1,HG-4786-87390,43,Bähr,Carneiro S/A,2024/06/01,758,APU-15,2018,22281.40000,FB
H,PA-4239-94147,88,Villanueva-Flynn,Cardoso,2016/02/11,759,APU-20,2020,15105.60000,FE
3,RH-8357-68117,91,Hübel Ebert GmbH,Cardoso,2018-09-27,760,XC-7,2017,27092.20000,FD
med,SC-8006-94796,42,Villanueva-Flynn,Harris-Moore,"05/19/2024, 00:00:00",761,APU-15,2019,20569.10000,FE
N,ML-8185-45772,51,Bähr,Schmidt,"12/12/2020, 00:00:00",762,XC-7,2018,21906.30000,FB
 normal ,HB-9954-42235,68,Pinto,Hübel Ebert GmbH,2016/08/31,763,APU-15,2018,21652.10000,FE
light,BC-9444-18327,16,Roskoth,Tavares,"12/08/2017, 00:00:00",764,APU-15,2020,14398.70000,FA
N,WD-0040-17977,60,Reis,Pinto,2019/04/14,765,XC-7,2021,13339.50000,FB
light,JG-7859-17052,37,Correia S/A,Rädel Aumann KGaA,18 Dec 2022,766,APU-15,2021,11424.80000,FC
light,YO-6613-19413,37,Pinto,Tapia Group,2015/02/14,767,APU-15,2022,9538.50000,FB
med,ZK-8386-88219,78,Barros,Rosenow GmbH & Co. KGaA,"05/04/2020, 00:00:00",768,APU-15,2019,18796.50000,FB
light,ER-2414-63162,37,Valente S.A.,Rädel Aumann KGaA,"07/04/2019, 00:00:00",769,XC-7,2019,17728.20000,FA
2,BG-6800-40224,59,Rosenow GmbH & Co. KGaA,Pinto,27 Jul 2018,770,APU-15,2019,20160.60000,FB
heavy,TP-5521-13719,105,Loureiro Vicente e Filhos,Cardoso,2021-01-13,771,XC-7,2015,,FE
1,KZ-1142-69659,21,Mälzer,Loureiro Vicente e Filhos,2022-06-19,772,XC-7,2017,24705.90000,FE
2,JS-2376-56533,95,Maxwell-Lewis,Junken AG & Co. OHG,2017-12-25,773,APU-12,2016,31430.40000,FD
1,KH-9116-57209,37,Villanueva-Flynn,Carneiro S/A,2022/11/04,774,APU-12,2019,20594.10000,FC
light,RW-2358-30428,1,Martins,Rice-Sims,2020-06-25,775,XC-7,2022,7816.80000,FB
H,TJ-4116-48373,40,Correia S/A,Borges,19 Dec 2024,776,APU-12,2023,4409.70000,FB
 2 ,NZ-5345-82872,72,Hübel Ebert GmbH,Coleman-Sanford,"09/21/2023, 00:00:00",777,APU-15,2023,4679.30000,FA
1,KZ-6249-90461,32,Pinto,Machado Simões S/A,"08/17/2019, 00:00:00",778,APU-20,2023,5108.70000,FD
1,QN-7487-24734,30,Rice-Sims,Correia S/A,"04/25/2016, 00:00:00",779,XC-7,2022,7871.20000,FA
med,MA-1977-13611,75,Cardoso,Rice-Sims,02 Aug 2016,780,XC-7,2021,13985.80000,FA
normal,GX-2417-84841,75,Lopes Correia e Filhos,Bähr,2021-03-25,781,APU-15,2023,6468.60000,FD
light,DZ-7896-28975,30,Maia S/A,Valente S.A.,"10/21/2015, 00:00:00",782,APU-15,2021,10618.40000,FB
1,FT-1939-24575,17,Rädel Aumann KGaA,Tavares,10 Oct 2016,783,APU-12,2018,23121.20000,FC
L,DG-9782-44575,92,Cruz,"Nguyen, Freeman and Roy","09/20/2023, 00:00:00",784,APU-12,2023,4850.90000,FD
 L ,JQ-6852-23715,37,Maia S/A,Bähr,"01/28/2019, 00:00:00",785,APU-12,2018,21339.10000,FB
med,DX-5198-52195,84,Reis,Franke AG,2016-11-12,786,XC-7,2016,31007.80000,FA
normal,KP-1903-64979,82,Loureiro Vicente e Filhos,Mälzer,2022/08/17,787,APU-20,2019,18471.40000,FB
L,VD-8201-43421,39,Cruz,"Nguyen, Freeman and Roy",2021/11/01,788,APU-20,2018,22396.40000,FC
med,WV-4289-69534,70,Borges,Brooks Group,04 Jan 2019,789,APU-12,2021,12385.30000,FC
3,IR-3910-03382,106,Pinto,Barnett-Stone,"06/06/2019, 00:00:00",790,XC-7,2018,23384.00000,FD
 light ,MH-5475-83699,18,Machado Simões S/A,Villanueva-Flynn,2016-06-27,791,APU-15,2021,12587.90000,FD
 heavy ,LJ-0511-20699,92,Cruz,Mälzer,"01/27/2017, 00:00:00",792,APU-20,2023,4037.40000,FC
light,MQ-9411-15974,2,Martins,Franke AG,2022/08/19,793,APU-15,2020,15908.20000,FC
1,MG-0019-63600,5,"Nguyen, Freeman and Roy",Barros,"12/18/2018, 00:00:00",794,APU-12,2020,15586.70000,FB
med,IX-1832-52995,71,Reis,Coleman-Sanford,2018-11-15,795,APU-15,2023,4114.70000,FC
3,NT-2059-25059,96,Tapia Group,Henson Group,2024-03-11,796,XC-7,2023,4496.50000,FE
2,KY-3856-90189,56,Bähr,Villanueva-Flynn,2015-08-25,797,APU-20,2021,10506.00000,FB
2,FZ-5519-98161,66,Roskoth,Roskoth,2019/08/30,798,APU-12,2019,17662.70000,FD
1,RP-1879-07258,39,Schmidt,Rosenow GmbH & Co. KGaA,08 Oct 2024,799,XC-7,2013,40337.60000,FA
 3 ,QB-6607-21241,72,Valente S.A.,Martins,2021-07-14,800,APU-12,2020,17398.20000,FA
L,VR-7485-61695,22,Junken AG & Co. OHG,Rädel Aumann KGaA,2023/05/05,801,APU-20,2022,9131.30000,FA
normal,DE-0929-96903,75,Machado Simões S/A,Villanueva-Flynn,"02/16/2022, 00:00:00",802,APU-12,2019,20247.80000,FC
normal,CM-8595-67875,57,Franke AG,Harris-Moore,2018-12-09,803,APU-15,2019,17717.50000,FE
1,XS-4970-33534,38,Cruz,Machado Simões S/A,31 Dec 2021,804,APU-12,2022,8078.60000,FC
H,BF-5454-23735,52,Cardoso,Carneiro S/A,"12/27/2016, 00:00:00",805,APU-12,2020,14865.20000,FB
med,MB-0009-92729,66,Rosenow GmbH & Co. KGaA,Barros,2024/02/10,806,XC-7,2019,19827.90000,FA
med,MA-8171-91434,66,Valente S.A.,Hübel Ebert GmbH,2015/09/22,807,APU-20,2017,26035.80000,FB
H,LZ-1311-46802,92,Klotz AG & Co. OHG,Lopes Correia e Filhos,17 Oct 2019,808,APU-12,2022,10224.80000,FB
med,FX-3166-24569,71,"Nguyen, Freeman and Roy",Maxwell-Lewis,"12/20/2024, 00:00:00",809,XC-7,2022,7684.80000,FB
heavy,JJ-2678-46899,75,Maxwell-Lewis,Correia S/A,2023-09-17,810,APU-15,2021,11263.60000,FC
normal,GC-4273-75182,66,Maxwell-Lewis,"Nguyen, Freeman and Roy","01/03/2015, 00:00:00",811,APU-12,2022,9283.50000,FA
heavy,FF-0023-75980,111,Henson Group,Cruz,2021-05-11,812,APU-12,2017,25276.90000,FB
2,UM-7218-46740,42,Roskoth,Rice-Sims,19 Apr 2015,813,APU-15,2021,11869.40000,FC
light,BK-2228-08241,3,Schmidt,Pinto,2018/07/23,814,APU-12,2021,13045.70000,FB
N,SA-1079-55353,74,Paiva e Filhos,Barnett-Stone,22 Apr 2024,815,APU-15,2016,28558.10000,FB
1,CE-4273-83338,22,Lopes Correia e Filhos,Rice-Sims,04 Jul 2019,816,APU-15,2023,6172.00000,FE
heavy,KS-7305-11848,102,Mälzer,Martins,11 Mar 2019,817,XC-7,2020,17003.20000,FC
normal,ZB-9895-60045,105,Barnett-Stone,Henson Group,24 Feb 2016,818,APU-12,2019,18948.70000,FE
med,OA-2974-82231,105,Maxwell-Lewis,Rädel Aumann KGaA,2015-05-19,819,APU-12,2021,12782.10000,FA
heavy,SK-1346-56369,104,Rosenow GmbH & Co. KGaA,Barnett-Stone,"09/02/2023, 00:00:00",820,APU-12,2022,8925.90000,FB
L,LB-6674-06228,30,Maia S/A,Reis,"09/19/2019, 00:00:00",821,APU-15,2019,20190.40000,FD
light,MK-5561-90773,6,Martins,Machado Simões S/A,"09/18/2015, 00:00:00",822,APU-12,2019,17872.80000,FD
L,OU-1179-49224,32,Carneiro S/A,Paiva e Filhos,12 Sep 2019,823,APU-15,2023,4723.80000,FA
H,IW-4972-02081,113,Reis,Reis,2021/10/20,824,APU-12,2022,7022.60000,FC
 L ,QP-9371-19897,29,Mälzer,Roskoth,11 Apr 2023,825,APU-15,2022,9396.60000,FC
light,DU-5608-60613,36,Villanueva-Flynn,Correia S/A,2023-01-19,826,APU-12,2014,35379.20000,FB
normal,RE-7621-97267,34,Mälzer,Tavares,2020-02-13,827,APU-12,2023,5829.80000,FD
light,ZP-4805-97112,21,Dowerg,"Nguyen, Freeman and Roy",18 Mar 2023,828,APU-20,2022,9477.30000,FD
normal,ER-7521-12953,78,Maxwell-Lewis,Bähr,2022-02-12,829,XC-7,2023,,FB
light,RG-9707-89509,34,Carneiro S/A,Carlson-Spears,2017-08-06,830,APU-20,2018,22355.30000,FA
 1 ,RZ-5584-36695,106,Borges,Tapia Group,07 Aug 2021,831,APU-20,2023,6627.90000,FE
1,AS-0230-01465,64,Correia S/A,Franke AG,"12/11/2018, 00:00:00",832,APU-15,2021,10967.10000,FA
3,LQ-4528-69607,109,Tapia Group,Martins,03 Nov 2015,833,XC-7,2023,6572.70000,FB
heavy,IN-4079-27083,104,Barros,Schmidt,2018/12/22,834,APU-12,2018,21307.80000,FB
heavy,AG-6390-40153,104,Hübel Ebert GmbH,Carneiro S/A,2020/05/01,835,APU-12,2023,3623.60000,FB
1,CI-0129-39266,108,Moreira,Barnett-Stone,29 Jul 2015,836,APU-20,2019,18043.50000,FA
heavy,DW-2362-33689,117,Carlson-Spears,Roskoth,"09/25/2020, 00:00:00",837,APU-15,2020,14597.80000,FC
light,OA-1974-22897,31,Coleman-Sanford,Junken AG & Co. OHG,"11/18/2022, 00:00:00",838,XC-7,2021,12681.40000,FB
 med ,LZ-4951-09613,79,Lopes Correia e Filhos,Rosenow GmbH & Co. KGaA,"04/25/2023, 00:00:00",839,APU-15,2022,9200.00000,FA
1,ZC-9871-25927,34,Barros,Lopes Correia e Filhos,16 Dec 2018,840,APU-15,2016,29709.50000,FE
 1 ,BV-1502-18751,94,Loureiro Vicente e Filhos,Machado Simões S/A,2020-11-16,841,APU-12,2022,7923.20000,FB
light,HB-8492-76481,89,Paiva e Filhos,Martins,2015-04-22,842,XC-7,2020,15326.60000,FA
2,OK-5878-83287,49,Leal S.A.,Carneiro S/A,2020-04-30,843,XC-7,2023,5794.30000,FA
2,WA-7630-54311,53,Villanueva-Flynn,Maxwell-Lewis,2018-01-08,844,XC-7,2021,11637.80000,FE
N,WG-8755-35241,65,Maxwell-Lewis,Carlson-Spears,24 Jan 2022,845,APU-15,2023,5468.10000,FB
2,DX-3621-43209,43,Martins,Mälzer,2015/03/16,846,APU-20,2021,11745.90000,FC
heavy,XZ-4217-94072,33,Dowerg,Barnett-Stone,2019-04-24,847,APU-12,2017,25370.50000,FE
light,OL-3494-85862,116,Loureiro Vicente e Filhos,Tapia Group,2017/04/30,848,APU-20,2022,8122.70000,FD
light,QT-7891-36759,38,Rosenow GmbH & Co. KGaA,Roskoth,2018-04-02,849,APU-15,2019,18314.90000,FE
L,WD-1406-45734,14,Tavares,Brooks Group,23 Nov 2015,850,APU-15,2022,,FB
heavy,OP-7713-09181,102,Tapia Group,Henson Group,04 Aug 2015,851,XC-7,2018,23797.80000,FA
light,IG-0569-69452,29,Maia S/A,Harris-Moore,01 Jul 2016,852,APU-20,2014,35760.40000,FB
2,UX-4670-91399,75,Dowerg,Schmidt,2018-01-08,853,XC-7,2022,9269.30000,FD
light,BR-1950-27884,38,Schmidt,Leal S.A.,2022/06/14,854,APU-20,2020,14423.40000,FD
N,IS-1214-70813,37,Martins,Paiva e Filhos,2018-03-27,855,APU-20,2020,16515.70000,FD
L,LZ-5856-71879,22,Borges,Cruz,2019-01-29,856,XC-7,2019,20722.50000,FD
light,EP-1290-48563,18,Junken AG & Co. OHG,Correia S/A,"10/17/2023, 00:00:00",857,APU-15,2021,12471.10000,FD
 3 ,RB-0097-54775,92,Junken AG & Co. OHG,Henson Group,"02/01/2022, 00:00:00",858,APU-20,2019,19676.80000,FA
med,YQ-9094-84823,68,Coleman-Sanford,Franke AG,"07/01/2023, 00:00:00",859,XC-7,2022,10448.30000,FA
med,QM-2729-83117,42,Rice-Sims,Junken AG & Co. OHG,05 Jul 2024,860,APU-12,2021,13772.30000,FC
light,XA-7778-48870,82,Franke AG,Lopes Correia e Filhos,2016-12-01,861,APU-15,2022,7722.80000,FA
light,PX-2536-14661,34,Hübel Ebert GmbH,Lopes Correia e Filhos,2017/06/27,862,APU-15,2018,22077.20000,FC
N,ZH-3441-77767,62,Pinto,Barnett-Stone,2021/11/03,863,APU-20,2018,22014.40000,FE
med,GN-8100-83470,45,Roskoth,Schmidt,27 Jun 2022,864,APU-20,2022,9418.70000,FB
2,XO-2701-80503,66,Carneiro S/A,Brooks Group,2021-06-10,865,APU-12,2022,8557.50000,FB
med,XF-6605-34302,41,Loureiro Vicente e Filhos,Valente S.A.,2015-04-10,866,APU-20,2022,9631.90000,FC
light,XE-2007-39424,0,Klotz AG & Co. OHG,Franke AG,29 Oct 2017,867,APU-15,2020,14248.20000,FE
med,PJ-5709-55739,70,Hübel Ebert GmbH,Leal S.A.,05 Jun 2020,868,APU-15,2021,11265.90000,FA
3,ZO-7903-62171,104,Reis,Hübel Ebert GmbH,2016/01/06,869,APU-12,2021,10892.70000,FC
 normal ,YY-4603-37097,7,Maia S/A,Tavares,01 Apr 2019,870,APU-15,2020,,FB
N,RG-1447-38715,72,Carlson-Spears,Franke AG,2022/11/15,871,XC-7,2021,11171.80000,FD
light,OC-7565-70665,4,Junken AG & Co. OHG,Borges,2019-09-06,872,APU-15,2019,20455.90000,FA
heavy,JV-0635-06948,87,Coleman-Sanford,Roskoth,2019-02-02,873,APU-20,2019,19446.20000,FC
heavy,RS-2973-37414,109,Hübel Ebert GmbH,Rice-Sims,2022-12-15,874,APU-12,2021,13004.20000,FE
1,UZ-8656-83418,11,Moreira,Rice-Sims,"02/03/2022, 00:00:00",875,APU-15,2022,8354.00000,FC
H,FH-0662-77555,101,Junken AG & Co. OHG,Coleman-Sanford,17 Oct 2016,876,APU-12,2022,10197.50000,FC
heavy,OM-0141-69503,33,Carneiro S/A,Maia S/A,2021-06-27,877,XC-7,2022,10488.80000,FB
H,KZ-8612-75716,1,Pinto,Brooks Group,"05/01/2023, 00:00:00",878,APU-15,2019,17645.70000,FE
light,YL-5497-62476,0,Harris-Moore,Bähr,2015/01/22,879,XC-7,2023,4442.70000,FD
2,YW-6289-11480,56,Pinto,Rosenow GmbH & Co. KGaA,"10/24/2018, 00:00:00",880,APU-15,2022,8033.90000,FB
med,AH-4810-60349,66,Tapia Group,Correia S/A,"05/13/2017, 00:00:00",881,XC-7,2021,13184.10000,FD
med,SQ-6529-04383,80,Roskoth,Mälzer,2022-12-23,882,APU-12,2022,8690.90000,FD
 light ,SK-9559-83612,4,Loureiro Vicente e Filhos,Carlson-Spears,14 Jan 2021,883,APU-12,2020,17044.60000,FB
L,UU-1655-12021,64,Carneiro S/A,Leal S.A.,2016/08/08,884,XC-7,2022,8196.30000,FD
light,TQ-9775-01539,19,Borges,Rädel Aumann KGaA,"01/04/2016, 00:00:00",885,APU-20,2019,18023.30000,FE
2,YP-3995-97964,57,Franke AG,Leal S.A.,2021/12/15,886,APU-12,2021,12054.60000,FE
L,HQ-4438-35174,10,Borges,Harris-Moore,2017/02/12,887,APU-12,2019,19390.30000,FC
3,MU-4959-33616,98,Dowerg,Valente S.A.,2018/09/13,888,APU-15,2020,14394.10000,FB
normal,DU-2230-21446,72,Barnett-Stone,Junken AG & Co. OHG,"09/01/2016, 00:00:00",889,APU-20,2021,11683.10000,FD
med,FY-6411-61480,54,Rice-Sims,Maia S/A,2023-10-05,890,APU-12,2023,4434.00000,FD
L,FE-4711-23443,25,Schmidt,Correia S/A,26 Aug 2021,891,APU-20,2023,6520.30000,FA
heavy,XS-9105-48414,45,Maxwell-Lewis,Martins,16 Mar 2018,892,XC-7,2012,45000.00000,FC
normal,EO-6193-29014,64,Loureiro Vicente e Filhos,Rosenow GmbH & Co. KGaA,2016/08/07,893,APU-20,2019,20267.50000,FB
N,VZ-5463-47013,24,Villanueva-Flynn,Tapia Group,13 Mar 2024,894,APU-15,2023,6606.90000,FD
light,HH-2765-20174,18,Coleman-Sanford,Mälzer,2015/11/11,895,APU-15,2012,45000.00000,FB
normal,YW-4878-65825,59,Maxwell-Lewis,Loureiro Vicente e Filhos,21 Apr 2016,896,APU-20,2023,5563.90000,FD
3,TE-0457-80374,113,Maxwell-Lewis,Rädel Aumann KGaA,2017-06-27,897,APU-15,2022,10088.90000,FB
light,UH-0931-41314,30,Cruz,Moreira,2016/04/10,898,APU-15,2022,9606.10000,FC
1,TK-1008-18847,31,Lopes Correia e Filhos,Rice-Sims,"07/21/2018, 00:00:00",899,APU-15,2018,22514.70000,FD
light,FF-2485-01286,62,Rosenow GmbH & Co. KGaA,Rädel Aumann KGaA,2023/08/14,900,APU-15,2022,9210.30000,FB
light,EM-7867-98110,36,Junken AG & Co. OHG,Roskoth,"06/17/2020, 00:00:00",901,APU-12,2015,33882.70000,FD
light,TZ-4323-26618,1,Rädel Aumann KGaA,Maia S/A,"07/26/2016, 00:00:00",902,APU-20,2021,12373.10000,FD
2,TC-3497-13524,64,Reis,Rice-Sims,2015/08/10,903,XC-7,2022,8505.10000,FC
 1 ,LI-0341-88553,102,Carneiro S/A,Brooks Group,02 May 2021,904,APU-20,2020,16809.20000,FD
H,FI-5973-37847,107,Valente S.A.,Rosenow GmbH & Co. KGaA,31 Aug 2019,905,APU-12,2020,14401.00000,FC
3,RQ-5155-53427,98,Hübel Ebert GmbH,Franke AG,2021-02-05,906,APU-15,2016,30150.90000,FD
heavy,TJ-9377-63522,112,Franke AG,Barnett-Stone,2020-01-15,907,APU-15,2015,31665.00000,FE
 L ,YG-2254-76122,16,Cardoso,Hübel Ebert GmbH,22 Feb 2024,908,APU-12,2021,13807.40000,FB
1,ST-5686-59606,28,Tapia Group,Rädel Aumann KGaA,2023/01/10,909,XC-7,2021,10939.30000,FD
med,JR-8250-88403,7,Paiva e Filhos,Moreira,2023-01-28,910,APU-20,2022,10275.40000,FB
light,QB-8426-12622,5,Martins,Lopes Correia e Filhos,07 Nov 2015,911,XC-7,2021,13401.10000,FA
heavy,AM-4892-79360,94,Bähr,Lopes Correia e Filhos,"09/04/2017, 00:00:00",912,XC-7,2022,8869.30000,FE
2,KZ-3612-26765,49,Brooks Group,Maia S/A,"11/14/2023, 00:00:00",913,XC-7,2020,16788.90000,FC
2,FC-1844-35039,9,Barnett-Stone,Bähr,"03/15/2019, 00:00:00",914,APU-20,2023,4166.30000,FC
2,CC-6843-93865,97,Coleman-Sanford,Carneiro S/A,2018-03-18,915,APU-20,2020,14516.90000,FB
light,EE-8709-73449,33,Tapia Group,Loureiro Vicente e Filhos,2015-08-19,916,APU-15,2018,23624.90000,FD
normal,SR-3048-63669,42,Bähr,Mälzer,2015/11/27,917,APU-15,2023,6866.70000,FC
heavy,CV-9154-47716,108,Cruz,Klotz AG & Co. OHG,2022/09/11,918,APU-12,2020,14449.30000,FB
2,ZC-3792-33685,34,Mälzer,Reis,2022-03-25,919,XC-7,2021,13902.50000,FA
L,RW-5766-87077,37,Coleman-Sanford,Barros,2021-09-28,920,APU-15,2020,14341.40000,FB
light,ZH-5882-79984,45,Rädel Aumann KGaA,Schmidt,"06/13/2018, 00:00:00",921,APU-12,2018,23004.10000,FB
light,GW-9815-86543,28,Loureiro Vicente e Filhos,Martins,2019-01-28,922,APU-15,2021,13173.30000,FD
H,OR-3965-78753,117,"Nguyen, Freeman and Roy",Moreira,2019/09/28,923,APU-20,2022,7083.20000,FC
normal,GR-5784-67592,73,Leal S.A.,"Nguyen, Freeman and Roy",2021/08/02,924,APU-12,2019,19563.00000,FC
L,DT-5307-14434,37,Paiva e Filhos,Bähr,2023/05/17,925,APU-20,2022,7438.50000,FC
L,RS-0268-53385,27,Rosenow GmbH & Co. KGaA,"Nguyen, Freeman and Roy",2017-12-18,926,APU-20,2021,13938.90000,FC
N,LF-9695-53409,41,Junken AG & Co. OHG,Schmidt,2016-02-17,927,XC-7,2021,11386.20000,FA
med,MM-6616-05232,55,Loureiro Vicente e Filhos,Franke AG,22 Aug 2015,928,XC-7,2012,45000.00000,FA
heavy,HM-2842-02296,90,Martins,Rädel Aumann KGaA,2015/06/26,929,XC-7,2021,13316.40000,FD
1,NC-4463-96041,26,Cruz,Brooks Group,26 May 2018,930,APU-20,2024,3349.50000,FE
light,XF-9584-45681,35,Tapia Group,Machado Simões S/A,2023/04/02,931,XC-7,2020,17023.60000,FD
 1 ,MN-1297-19948,30,Dowerg,Coleman-Sanford,31 Oct 2015,932,XC-7,2024,3482.50000,FC
2,ON-4319-58969,71,Tapia Group,Martins,2016/03/05,933,APU-12,2022,7533.90000,FA
light,OD-7427-29652,22,Barnett-Stone,Henson Group,2023/05/19,934,APU-15,2023,4243.00000,FB
normal,FW-3503-59667,29,Henson Group,Junken AG & Co. OHG,23 Oct 2015,935,XC-7,2017,24886.20000,FB
1,NW-5435-43106,8,"Nguyen, Freeman and Roy",Borges,"04/18/2021, 00:00:00",936,APU-20,2019,19470.80000,FC
heavy,JP-0839-17851,37,Moreira,Roskoth,2017-10-08,937,APU-20,2022,7036.60000,FA
 2 ,SU-2328-54559,98,Barros,Borges,02 Jan 2015,938,XC-7,2022,7059.10000,FC
1,HQ-2004-54476,5,Schmidt,Valente S.A.,2015/07/26,939,APU-20,2021,12759.60000,FC
H,VZ-2888-58426,58,Maxwell-Lewis,Hübel Ebert GmbH,2015/02/05,940,APU-12,2023,3916.60000,FA
heavy,LH-2181-85083,45,Roskoth,Carlson-Spears,2015/06/24,941,XC-7,2021,12591.20000,FC
med,NE-3203-02518,74,Villanueva-Flynn,Rädel Aumann KGaA,2024-10-21,942,APU-15,2020,15252.00000,FD
L,SR-9953-32876,29,Cruz,Moreira,2016-11-05,943,APU-20,2021,13249.20000,FE
3,GK-4288-15969,114,Machado Simões S/A,Harris-Moore,2023/12/17,944,APU-15,2022,8705.90000,FD
normal,EC-6684-78554,50,Franke AG,Cardoso,"01/11/2016, 00:00:00",945,XC-7,2018,21613.00000,FE
 light ,GG-2068-51644,56,Maia S/A,Pinto,2023/06/17,946,XC-7,2023,5181.80000,FC
med,OW-7970-10817,57,Maxwell-Lewis,Martins,2016/06/06,947,APU-12,2022,,FA
H,WK-1016-48622,101,Leal S.A.,Brooks Group,2021/05/09,948,APU-20,2023,,FA
L,EA-7556-42523,38,Valente S.A.,Moreira,"01/17/2021, 00:00:00",949,APU-20,2024,2248.30000,FC
N,FS-5243-12088,61,Rice-Sims,Dowerg,13 Sep 2023,950,APU-15,2021,10544.60000,FE
heavy,PD-4309-90268,101,Paiva e Filhos,Barros,2018/12/15,951,APU-20,2022,8626.40000,FD
N,XV-3927-02203,49,Coleman-Sanford,Cruz,"02/19/2018, 00:00:00",952,APU-12,2023,5825.30000,FD
N,GH-1468-06588,50,Paiva e Filhos,Tavares,2023-06-11,953,XC-7,2020,15075.60000,FB
normal,EC-2104-30170,74,Maxwell-Lewis,Moreira,2019-03-09,954,APU-15,2020,14749.90000,FE
light,WD-1147-90454,11,Barros,Mälzer,03 Nov 2022,955,APU-12,2022,7337.10000,FA
3,BS-3730-94786,93,Martins,Leal S.A.,2022/03/03,956,XC-7,2020,,FE
2,TT-4666-49533,66,Leal S.A.,Roskoth,2023-10-24,957,XC-7,2021,11832.50000,FE
L,GX-7267-62292,27,Bähr,Paiva e Filhos,2023/09/13,958,APU-15,2021,13058.30000,FB
light,UC-5350-15868,14,Carneiro S/A,Cardoso,24 Mar 2024,959,APU-15,2021,11768.90000,FD
heavy,GM-7281-94506,74,Bähr,Harris-Moore,2018-02-08,960,APU-15,2022,9869.50000,FB
H,ZB-1957-58689,109,Harris-Moore,Maia S/A,2020-08-03,961,APU-15,2021,12664.20000,FA
normal,JL-8722-49566,59,Cardoso,Martins,2020-11-29,962,APU-20,2022,9557.80000,FA
H,GX-4200-90368,99,Machado Simões S/A,Moreira,"02/11/2021, 00:00:00",963,APU-20,2018,21831.10000,FB
light,SF-8885-09780,11,Leal S.A.,Brooks Group,"02/26/2019, 00:00:00",964,APU-12,2022,10151.10000,FE
L,RP-6234-38389,37,Hübel Ebert GmbH,Harris-Moore,2020-01-18,965,APU-20,2023,6813.20000,FC
heavy,KL-5101-70668,41,Tapia Group,Brooks Group,08 Aug 2019,966,XC-7,2022,8115.00000,FD
2,JS-7070-08987,78,Rice-Sims,Cardoso,2020/06/04,967,APU-12,2018,21355.60000,FC
med,SV-0446-30820,80,Cruz,Rädel Aumann KGaA,2024-07-07,968,APU-12,2017,24756.90000,FC
1,MM-3695-41578,91,Dowerg,Dowerg,2019-03-04,969,APU-12,2021,10642.40000,FB
L,UM-7194-58726,18,Tavares,Henson Group,"10/10/2022, 00:00:00",970,APU-12,2020,15105.10000,FC
2,VJ-7289-87561,10,Tapia Group,Harris-Moore,2015/09/23,971,APU-12,2021,13015.30000,FA
L,UC-5611-12151,24,Barros,Bähr,2019/06/23,972,APU-15,2022,10036.70000,FD
L,DF-7095-79240,13,Harris-Moore,Tavares,2015/02/09,973,APU-15,2023,5472.20000,FC
N,RI-5515-76528,50,Paiva e Filhos,Rosenow GmbH & Co. KGaA,"07/17/2024, 00:00:00",974,APU-15,2019,19946.80000,FD
normal,VX-5887-56784,67,Franke AG,Schmidt,28 Nov 2022,975,APU-15,2021,10636.20000,FD
med,BF-2128-69147,63,Klotz AG & Co. OHG,Maxwell-Lewis,2022-05-01,976,XC-7,2019,18784.30000,FE
L,YB-4773-12891,1,Valente S.A.,Roskoth,2022-07-31,977,APU-20,2023,4370.40000,FD
1,DU-1192-71368,8,Maxwell-Lewis,Harris-Moore,2022/06/09,978,APU-12,2017,25778.40000,FA
3,IT-3967-08086,110,Machado Simões S/A,Loureiro Vicente e Filhos,2018-04-09,979,XC-7,2024,,FA
heavy,FH-4970-33586,29,Carneiro S/A,Junken AG & Co. OHG,04 Feb 2019,980,XC-7,2023,5583.40000,FE
N,AC-0085-89184,66,Dowerg,Reis,2024/08/28,981,APU-20,2021,11450.50000,FD
heavy,FT-1851-96108,105,Schmidt,Roskoth,01 Nov 2019,982,APU-12,2021,,FE
normal,IS-3937-72843,50,"Nguyen, Freeman and Roy",Carneiro S/A,"05/07/2015, 00:00:00",983,APU-20,2024,2939.80000,FA
3,FY-4232-48204,54,Lopes Correia e Filhos,Paiva e Filhos,2023-04-29,984,XC-7,2023,5759.00000,FE
1,RI-0213-67221,18,Hübel Ebert GmbH,Moreira,2023/08/13,985,APU-20,2023,5291.30000,FA
H,OZ-3193-77907,114,Rosenow GmbH & Co. KGaA,Leal S.A.,04 Feb 2018,986,APU-12,2020,15811.10000,FD
1,DR-2515-35154,12,Loureiro Vicente e Filhos,Borges,"05/28/2023, 00:00:00",987,APU-15,2021,13920.30000,FE
2,QQ-9088-64543,73,Barros,Paiva e Filhos,2017/09/30,988,XC-7,2012,45000.00000,FD
heavy,DK-4527-16465,100,Junken AG & Co. OHG,Brooks Group,12 Jun 2020,989,APU-12,2021,12670.70000,FB
H,RM-1996-20201,84,Villanueva-Flynn,Cruz,"08/14/2015, 00:00:00",990,APU-20,2023,6851.10000,FC
3,WO-6405-39731,82,Schmidt,Barnett-Stone,18 Feb 2015,991,APU-12,2023,5794.90000,FE
1,DJ-1102-84844,2,Loureiro Vicente e Filhos,Borges,05 Jan 2021,992,APU-12,2022,9068.50000,FA
med,RS-5700-99677,65,Reis,Henson Group,2015/09/29,993,APU-15,2021,11930.90000,FB
light,YM-4818-96967,92,Harris-Moore,Tavares,"05/08/2019, 00:00:00",994,APU-15,2020,14316.20000,FD
3,BC-6552-00430,97,Brooks Group,Henson Group,"12/02/2016, 00:00:00",995,XC-7,2022,9648.80000,FB
light,CV-1472-01650,17,Leal S.A.,Carneiro S/A,"12/15/2023, 00:00:00",996,APU-15,2022,9832.60000,FC
L,DL-4474-15068,74,Mälzer,Maia S/A,"02/11/2017, 00:00:00",997,XC-7,2021,13640.30000,FB
 H ,GU-3174-90225,43,Moreira,Cardoso,25 Feb 2023,998,APU-12,2016,28629.30000,FB
L,QR-2914-18186,44,Loureiro Vicente e Filhos,Borges,2021-04-23,999,XC-7,2022,9090.30000,FA
3,OX-7540-64451,93,Franke AG,Pinto,"05/07/2015, 00:00:00",1000,XC-7,2023,4458.60000,FC
N,TU-3703-47042,103,Maia S/A,Bähr,10 Oct 2020,1001,XC-7,2022,8617.70000,FD
N,UM-1002-34948,41,Maxwell-Lewis,Leal S.A.,19 Dec 2016,1002,APU-15,2020,15506.40000,FA
 1 ,OV-7367-93599,81,Machado Simões S/A,Roskoth,08 Mar 2015,1003,XC-7,2024,2885.80000,FB
L,AO-2947-87722,22,Correia S/A,Junken AG & Co. OHG,"07/19/2019, 00:00:00",1004,APU-15,2022,7073.50000,FB
 light ,XA-0689-38675,32,Correia S/A,Tavares,2021/10/04,1005,APU-15,2021,10759.90000,FC
2,UK-6871-09001,73,Brooks Group,Rosenow GmbH & Co. KGaA,25 Nov 2020,1006,XC-7,2023,6629.70000,FD
 N ,GR-3947-30359,66,Klotz AG & Co. OHG,Barnett-Stone,2019/08/26,1007,XC-7,2020,14096.00000,FE
med,SP-9859-22761,74,Loureiro Vicente e Filhos,Junken AG & Co. OHG,16 Nov 2020,1008,XC-7,2018,23929.60000,FD
1,UO-4244-38945,22,Loureiro Vicente e Filhos,Machado Simões S/A,2022-12-16,1009,APU-20,2017,25266.60000,FD
N,IZ-2930-90176,50,Maxwell-Lewis,Barnett-Stone,08 Nov 2020,1010,APU-20,2022,7161.80000,FE
L,CL-3410-41575,46,Borges,Machado Simões S/A,"09/06/2017, 00:00:00",1011,APU-15,2018,21626.30000,FE
H,VL-6572-32934,45,Rice-Sims,Franke AG,"09/08/2023, 00:00:00",1012,APU-12,2020,16300.10000,FA
L,CV-8512-77035,36,Rice-Sims,Rice-Sims,08 Dec 2024,1013,XC-7,2022,7570.70000,FA
light,JG-5374-73930,34,Maxwell-Lewis,Borges,"09/17/2022, 00:00:00",1014,APU-20,2021,12423.70000,FE
H,OH-2390-64167,91,Rädel Aumann KGaA,Carneiro S/A,30 Sep 2022,1015,APU-12,2017,24932.00000,FD
 H ,HI-9394-92187,11,Rädel Aumann KGaA,Barros,2024/05/17,1016,APU-20,2019,17995.70000,FC
N,UD-7781-44639,40,Schmidt,Coleman-Sanford,"09/05/2018, 00:00:00",1017,APU-12,2021,11443.30000,FD
3,EG-5559-01185,1,Barnett-Stone,Valente S.A.,18 Jun 2022,1018,APU-12,2022,8911.20000,FA
normal,AW-7524-15365,50,Correia S/A,Hübel Ebert GmbH,2022/12/21,1019,APU-20,2019,19679.90000,FA
light,CD-6467-71828,17,Schmidt,Correia S/A,"08/31/2022, 00:00:00",1020,XC-7,2022,10394.90000,FD
N,EU-4816-98428,111,Borges,Villanueva-Flynn,2018-02-05,1021,APU-12,2020,16087.30000,FE
1,MT-0252-63059,3,Maia S/A,Brooks Group,2018-12-13,1022,APU-20,2019,18803.00000,FE
L,IH-3107-15483,22,Maia S/A,Carlson-Spears,2018-09-22,1023,APU-15,2022,8014.30000,FC
N,RA-5387-33435,64,Cardoso,Borges,25 Jul 2021,1024,XC-7,2020,15571.50000,FA
2,MJ-2641-88049,55,Barros,Borges,"09/03/2022, 00:00:00",1025,APU-20,2022,7706.10000,FD
1,JD-3037-71458,33,Moreira,Loureiro Vicente e Filhos,2019-07-18,1026,APU-20,2021,10589.50000,FA
3,OR-7769-20590,22,Valente S.A.,Roskoth,"09/16/2022, 00:00:00",1027,XC-7,2020,14496.40000,FD
normal,EX-8978-39517,58,Carlson-Spears,"Nguyen, Freeman and Roy",17 Jul 2020,1028,APU-15,2022,7116.30000,FA
 2 ,HM-6663-10284,6,Moreira,Harris-Moore,2017/07/05,1029,APU-12,2023,6875.50000,FC
med,QC-9501-99465,76,Barros,Roskoth,2017/03/22,1030,XC-7,2023,4037.50000,FC
H,TT-3134-93983,94,Villanueva-Flynn,Mälzer,2015/11/30,1031,APU-15,2023,4823.90000,FD
3,MY-2436-90772,107,Hübel Ebert GmbH,Klotz AG & Co. OHG,2019-07-23,1032,APU-12,2023,5657.00000,FB
 heavy ,YV-2161-27829,84,Coleman-Sanford,Cardoso,2016/08/06,1033,APU-20,2020,14627.10000,FA
 1 ,NN-7257-48422,0,Barnett-Stone,"Nguyen, Freeman and Roy",20 Dec 2023,1034,XC-7,2022,8833.60000,FA
light,WA-0492-59959,78,Carneiro S/A,Carlson-Spears,"07/24/2020, 00:00:00",1035,XC-7,2020,15635.90000,FB
light,EO-4044-65087,13,Paiva e Filhos,Villanueva-Flynn,2017/11/07,1036,APU-15,2022,,FB
L,FT-0566-00909,5,Bähr,Cardoso,03 Sep 2022,1037,APU-20,2020,,FA
heavy,UK-6029-23611,98,Leal S.A.,Paiva e Filhos,2021-08-11,1038,APU-20,2016,30804.00000,FC
med,WZ-3436-60712,42,Borges,Harris-Moore,2023-05-06,1039,APU-15,2021,10539.50000,FD
2,CI-7339-57000,77,Leal S.A.,Reis,2021/07/07,1040,APU-20,2022,9343.40000,FE
1,RF-7393-65251,20,Carlson-Spears,Hübel Ebert GmbH,2015/09/01,1041,XC-7,2020,15214.30000,FA
med,RB-1448-81573,44,Cruz,Valente S.A.,"11/16/2018, 00:00:00",1042,APU-12,2020,,FB
1,HJ-5668-38268,18,Barros,Maia S/A,"12/20/2020, 00:00:00",1043,APU-20,2020,15573.40000,FD
3,VI-0416-16610,35,Tavares,Maia S/A,"07/31/2024, 00:00:00",1044,APU-20,2022,7221.60000,FE
N,FT-9481-58293,59,Borges,Hübel Ebert GmbH,"08/19/2018, 00:00:00",1045,APU-15,2021,12216.80000,FB
light,VM-5118-64715,7,Dowerg,Cruz,2018-06-11,1046,APU-20,2023,6914.10000,FB
normal,CJ-6415-44393,57,Tapia Group,Maia S/A,"09/13/2023, 00:00:00",1047,APU-15,2023,6769.80000,FE
 heavy ,EI-7018-41281,112,Tavares,Martins,2016/02/20,1048,APU-15,2023,3915.30000,FA
1,OL-9043-17971,24,Valente S.A.,Valente S.A.,2018-11-09,1049,APU-20,2023,,FD
L,YI-5553-64741,15,Martins,Reis,2019-12-29,1050,APU-12,2022,8635.10000,FB
H,NY-9746-39028,112,Barros,Bähr,"04/03/2016, 00:00:00",1051,APU-15,2023,5474.60000,FC
3,MC-4279-19741,119,Henson Group,Valente S.A.,2024/02/10,1052,APU-12,2023,5194.60000,FA
normal,XP-7552-90126,61,Rädel Aumann KGaA,Maia S/A,10 Jan 2022,1053,APU-15,2023,6740.00000,FA
med,IY-4924-94433,33,Rosenow GmbH & Co. KGaA,Machado Simões S/A,14 Aug 2023,1054,APU-12,2022,7130.00000,FB
2,BK-1314-19894,60,Correia S/A,Tapia Group,2015/11/07,1055,APU-15,2019,17823.40000,FA
med,AH-1519-14511,56,Machado Simões S/A,Bähr,"01/26/2024, 00:00:00",1056,APU-20,2018,21246.80000,FA
med,BG-8971-26463,77,Reis,Hübel Ebert GmbH,2021/04/05,1057,APU-15,2022,8996.10000,FB
normal,RS-5670-69721,78,Leal S.A.,Borges,2023-09-30,1058,XC-7,2021,12023.60000,FA
 1 ,IZ-2665-96892,14,Bähr,Tavares,"05/30/2024, 00:00:00",1059,APU-20,2021,13479.50000,FE
 3 ,KD-2126-67663,118,Correia S/A,Mälzer,"02/05/2019, 00:00:00",1060,APU-20,2018,23923.40000,FD
L,NB-6100-02090,4,Pinto,Correia S/A,"04/04/2018, 00:00:00",1061,APU-12,2021,10680.50000,FC
 1 ,LV-3781-80078,5,Junken AG & Co. OHG,Loureiro Vicente e Filhos,29 May 2018,1062,APU-12,2018,24239.50000,FB
N,TD-6116-54966,72,Loureiro Vicente e Filhos,Klotz AG & Co. OHG,04 Jul 2018,1063,XC-7,2019,19698.80000,FC
N,WY-5444-41163,52,Hübel Ebert GmbH,Moreira,2017-09-10,1064,APU-20,2023,3975.80000,FC
3,VI-9112-00561,57,Moreira,Roskoth,2024-06-20,1065,APU-20,2019,19916.20000,FA
2,AF-1619-72317,68,Brooks Group,Paiva e Filhos,22 Jan 2022,1066,APU-15,2022,9513.00000,FA
 L ,YF-3465-25498,17,Martins,Carlson-Spears,29 May 2021,1067,APU-20,2021,,FD
2,CP-2376-91132,55,Carlson-Spears,"Nguyen, Freeman and Roy","12/11/2016, 00:00:00",1068,APU-20,2024,2935.60000,FE
L,EJ-9718-35114,49,Schmidt,Franke AG,2015-08-29,1069,APU-12,2020,14693.00000,FB
normal,UZ-0469-35960,73,Carlson-Spears,Henson Group,2017-04-02,1070,APU-20,2023,6089.80000,FC
3,IB-4463-59272,39,Harris-Moore,Brooks Group,2021/04/08,1071,APU-20,2018,23009.00000,FD
H,WY-4918-31585,49,Cardoso,Schmidt,2024-05-20,1072,APU-15,2022,,FD
L,JA-4977-86429,24,Moreira,Junken AG & Co. OHG,"10/29/2016, 00:00:00",1073,XC-7,2023,6801.60000,FC
heavy,LL-3090-29148,94,Moreira,Borges,2023/02/28,1074,XC-7,2021,13773.80000,FA
normal,LW-1556-38988,78,Reis,Cardoso,24 Aug 2020,1075,XC-7,2020,17353.50000,FA
1,CX-8064-79060,1,Machado Simões S/A,Mälzer,2024-01-12,1076,XC-7,2023,5171.00000,FC
1,RL-9617-75996,26,Loureiro Vicente e Filhos,Tavares,18 Jan 2016,1077,XC-7,2021,12510.20000,FD
N,RG-7310-87948,79,Villanueva-Flynn,Klotz AG & Co. OHG,2015/10/21,1078,XC-7,2020,14118.20000,FD
N,YD-4724-71201,75,Harris-Moore,Klotz AG & Co. OHG,2023/01/16,1079,XC-7,2023,6901.00000,FB
1,NH-0666-94350,6,Bähr,Barros,"09/21/2023, 00:00:00",1080,APU-15,2019,18258.40000,FC
normal,IQ-3142-45305,52,Loureiro Vicente e Filhos,Cardoso,12 Feb 2016,1081,APU-20,2020,16684.00000,FC
light,BK-6643-23836,15,Valente S.A.,Tavares,11 Sep 2015,1082,APU-15,2023,5740.70000,FC
2,GJ-7311-45995,43,Rosenow GmbH & Co. KGaA,Junken AG & Co. OHG,2018-04-16,1083,APU-15,2019,18699.50000,FD
heavy,XV-8463-17182,0,Machado Simões S/A,Junken AG & Co. OHG,06 Sep 2019,1084,APU-15,2016,29882.80000,FD
3,IK-5152-72004,94,Loureiro Vicente e Filhos,Cardoso,13 Aug 2021,1085,APU-20,2021,12679.20000,FD
L,FL-6231-59279,79,Barnett-Stone,Rice-Sims,"10/01/2023, 00:00:00",1086,APU-12,2012,45000.00000,FE
N,IL-5827-92226,55,Franke AG,Henson Group,09 Sep 2023,1087,APU-20,2022,9292.40000,FD
L,WR-0101-44524,29,Moreira,Maia S/A,29 May 2024,1088,APU-20,2020,14331.00000,FD
light,YI-3745-08306,5,Moreira,"Nguyen, Freeman and Roy",2018-09-10,1089,APU-15,2023,4778.40000,FC
light,BG-2286-78296,100,Moreira,Tapia Group,"03/02/2024, 00:00:00",1090,XC-7,2021,13353.30000,FE
normal,RT-1938-97723,68,Maxwell-Lewis,Maia S/A,"04/23/2018, 00:00:00",1091,XC-7,2022,7694.00000,FB
2,YM-2587-10534,56,Hübel Ebert GmbH,Pinto,2015/12/13,1092,XC-7,2023,5868.40000,FC
med,ZR-0704-27243,62,Leal S.A.,Dowerg,08 May 2020,1093,APU-15,2020,16663.90000,FC
3,YK-5900-62774,111,Barnett-Stone,Machado Simões S/A,26 Apr 2016,1094,APU-12,2023,3633.20000,FA
heavy,OT-8923-40766,117,Franke AG,Coleman-Sanford,"03/09/2016, 00:00:00",1095,APU-15,2021,11345.10000,FA
med,XN-9973-26126,87,Carneiro S/A,Tavares,2023/11/26,1096,APU-12,2016,28249.90000,FC
1,CW-6812-43692,18,Rosenow GmbH & Co. KGaA,Carlson-Spears,2022/11/01,1097,XC-7,2022,9952.40000,FD
 L ,HX-0794-07731,96,Moreira,Villanueva-Flynn,"01/30/2015, 00:00:00",1098,APU-12,2021,13310.80000,FA
med,MD-1585-67276,56,Harris-Moore,Loureiro Vicente e Filhos,"01/11/2015, 00:00:00",1099,APU-15,2015,34418.70000,FE
heavy,FW-8464-66841,81,Leal S.A.,Martins,"01/08/2018, 00:00:00",1100,APU-15,2024,2694.20000,FB
normal,DJ-1979-98115,50,Cruz,Rice-Sims,2015-02-13,1101,APU-20,2022,8900.10000,FD
light,PJ-7522-34463,21,Mälzer,Mälzer,2022/10/22,1102,APU-15,2021,13707.70000,FE
N,BC-9673-68681,49,"Nguyen, Freeman and Roy",Henson Group,2017-04-07,1103,APU-12,2018,23032.00000,FE
heavy,XJ-4167-98556,75,Tapia Group,Cruz,03 May 2018,1104,APU-15,2022,8281.70000,FB
2,TC-9754-55230,51,Machado Simões S/A,Harris-Moore,2022-04-02,1105,APU-20,2023,,FD
1,CX-5800-89769,9,Rosenow GmbH & Co. KGaA,Junken AG & Co. OHG,11 Apr 2017,1106,XC-7,2021,12698.40000,FD
N,SX-9854-12408,73,Tavares,Paiva e Filhos,2024-06-01,1107,APU-20,2023,4844.40000,FA
light,XM-8741-09758,32,Rice-Sims,Coleman-Sanford,"04/09/2019, 00:00:00",1108,APU-12,2022,9918.60000,FE
L,RT-5849-97227,19,Coleman-Sanford,Roskoth,20 Aug 2017,1109,XC-7,2023,6722.60000,FA
N,SJ-3054-25405,42,Mälzer,Bähr,2017-08-15,1110,APU-15,2021,11589.50000,FD
heavy,DT-7345-43359,116,Tapia Group,Mälzer,"09/11/2021, 00:00:00",1111,APU-20,2020,16774.70000,FE
light,PO-0504-42667,26,Correia S/A,Brooks Group,"08/06/2017, 00:00:00",1112,APU-20,2021,13726.10000,FA
L,ZR-3093-85082,28,Rosenow GmbH & Co. KGaA,Dowerg,"02/25/2020, 00:00:00",1113,APU-12,2016,29708.00000,FD
3,RY-0752-75187,56,Carneiro S/A,Roskoth,02 May 2020,1114,XC-7,2016,30322.70000,FD
L,JV-8703-50908,31,Villanueva-Flynn,Dowerg,2015/11/27,1115,XC-7,2020,15368.50000,FD
L,SL-2580-15518,38,Cruz,Martins,"08/24/2020, 00:00:00",1116,APU-20,2022,9014.70000,FD
3,LX-2202-64649,87,Schmidt,Carlson-Spears,"06/29/2023, 00:00:00",1117,APU-12,2023,4812.70000,FB
1,YH-0902-50349,76,Machado Simões S/A,Carneiro S/A,"06/19/2019, 00:00:00",1118,APU-20,2020,16306.40000,FB
normal,SR-0510-98193,21,Machado Simões S/A,Carneiro S/A,2015-03-13,1119,APU-20,2023,6699.10000,FA
 1 ,UG-3573-24810,18,Maia S/A,Mälzer,"03/19/2024, 00:00:00",1120,APU-20,2019,20118.00000,FD
N,BY-7664-96312,0,Henson Group,Rosenow GmbH & Co. KGaA,10 Jul 2021,1121,APU-20,2022,7736.70000,FA
1,CA-4055-33999,25,Bähr,"Nguyen, Freeman and Roy",28 Oct 2015,1122,APU-12,2021,12799.50000,FE
3,PE-1494-47056,86,Carneiro S/A,Paiva e Filhos,2023/07/17,1123,APU-20,2023,6032.60000,FC
H,HJ-5544-52729,112,Barnett-Stone,Barros,2018-09-17,1124,APU-15,2021,11471.20000,FB
light,YB-8566-60813,33,Valente S.A.,Barnett-Stone,2024-02-21,1125,APU-15,2022,9160.90000,FA
3,PB-7468-95963,103,Tapia Group,Barros,2016-08-05,1126,APU-15,2021,12968.20000,FB
med,CH-7465-13713,52,Barnett-Stone,Brooks Group,24 Sep 2019,1127,APU-20,2015,33573.30000,FB
light,IT-1329-28027,32,Moreira,Pinto,26 Jun 2022,1128,APU-15,2016,28798.80000,FC
heavy,YO-0657-50790,118,Moreira,Barros,07 May 2017,1129,APU-15,2021,12415.40000,FC
normal,ZI-0658-39016,82,Dowerg,Tavares,29 Jul 2023,1130,APU-15,2020,14182.00000,FD
N,MR-2403-77625,43,Carneiro S/A,Rosenow GmbH & Co. KGaA,2015/06/22,1131,APU-12,2022,10146.60000,FA
H,ZI-4065-95703,85,Moreira,Carlson-Spears,2020/02/11,1132,APU-12,2015,33631.30000,FA
heavy,ST-4707-25444,30,Tapia Group,Borges,"06/07/2020, 00:00:00",1133,APU-12,2023,6458.90000,FE
normal,MJ-0182-93454,54,Pinto,Moreira,2016/01/25,1134,APU-20,2023,5968.30000,FA
med,PU-2155-39361,11,Paiva e Filhos,Reis,2024-12-04,1135,APU-20,2012,45000.00000,FE
2,DT-4539-23662,53,Harris-Moore,Loureiro Vicente e Filhos,2018-01-12,1136,APU-12,2022,7589.10000,FA
1,LP-4815-48093,91,Barros,Barnett-Stone,2016-02-07,1137,XC-7,2022,,FA
3,EQ-1713-20831,45,Harris-Moore,Paiva e Filhos,2015-10-29,1138,XC-7,2021,11212.20000,FD
1,ZA-3523-47310,26,Mälzer,Rosenow GmbH & Co. KGaA,2017-07-03,1139,APU-12,2012,45000.00000,FD
L,VQ-4639-22536,13,Hübel Ebert GmbH,Dowerg,2015/01/10,1140,APU-15,2020,14880.40000,FC
normal,BS-5603-01588,71,Rosenow GmbH & Co. KGaA,Klotz AG & Co. OHG,"12/18/2024, 00:00:00",1141,XC-7,2023,6811.70000,FB
 med ,ZY-4561-01047,43,Maxwell-Lewis,Pinto,2024-05-25,1142,APU-15,2022,10206.70000,FC
 H ,CJ-1943-39851,92,Junken AG & Co. OHG,Maxwell-Lewis,2019-10-25,1143,APU-15,2019,18965.10000,FD
L,DA-7956-46024,13,Franke AG,Carneiro S/A,2018/07/07,1144,APU-12,2021,11708.20000,FB
1,PE-8901-60198,78,Martins,Tavares,11 Sep 2020,1145,APU-20,2020,,FE
normal,NB-8003-98053,98,Junken AG & Co. OHG,Loureiro Vicente e Filhos,20 Mar 2024,1146,APU-20,2023,,FE
L,WL-8151-40671,19,Carlson-Spears,Carlson-Spears,2020-01-16,1147,APU-20,2019,19110.40000,FD
3,MY-2892-12175,119,Junken AG & Co. OHG,Coleman-Sanford,"10/08/2022, 00:00:00",1148,APU-20,2022,10068.00000,FB
2,OS-4709-92822,73,Hübel Ebert GmbH,Machado Simões S/A,13 Dec 2023,1149,XC-7,2022,10468.20000,FD
light,IQ-3534-81291,26,Correia S/A,Villanueva-Flynn,"10/23/2017, 00:00:00",1150,APU-15,2022,7236.60000,FD
H,SG-6640-37057,95,Klotz AG & Co. OHG,Coleman-Sanford,11 Sep 2022,1151,APU-15,2017,25286.90000,FD
 1 ,OG-6805-56154,14,Henson Group,Cardoso,2016-06-04,1152,XC-7,2022,9515.40000,FD
heavy,MY-8154-81338,102,Barnett-Stone,Villanueva-Flynn,"09/11/2021, 00:00:00",1153,APU-20,2022,9107.30000,FD
N,QU-2907-77520,68,Hübel Ebert GmbH,Carlson-Spears,07 May 2023,1154,APU-12,2022,7394.00000,FB
heavy,DS-2487-59714,80,Henson Group,Franke AG,"12/21/2016, 00:00:00",1155,APU-12,2021,13099.00000,FE
1,CF-7415-53215,39,Carneiro S/A,"Nguyen, Freeman and Roy",2022-11-11,1156,APU-12,2020,16834.70000,FE
 normal ,GX-6354-05796,51,Brooks Group,Tapia Group,"04/07/2022, 00:00:00",1157,APU-15,2020,17253.80000,FD
L,UB-1934-69106,18,Rädel Aumann KGaA,Reis,"09/20/2016, 00:00:00",1158,XC-7,2022,8056.60000,FE
2,KX-1037-77266,74,Villanueva-Flynn,Leal S.A.,"11/26/2018, 00:00:00",1159,XC-7,2023,4080.60000,FA
light,VI-9950-72222,25,Schmidt,Klotz AG & Co. OHG,17 Apr 2020,1160,XC-7,2020,14617.50000,FD
heavy,RN-5734-75302,115,Coleman-Sanford,Pinto,21 Nov 2017,1161,APU-12,2020,15388.80000,FE
normal,PA-8312-05582,64,Carlson-Spears,Cardoso,2022/05/20,1162,APU-15,2021,10932.50000,FE
heavy,TK-9349-96901,107,Junken AG & Co. OHG,Klotz AG & Co. OHG,2022-03-22,1163,APU-15,2023,4121.50000,FC
normal,GV-0574-39751,77,Loureiro Vicente e Filhos,Pinto,"05/13/2017, 00:00:00",1164,APU-12,2023,5441.30000,FA
heavy,ZW-6826-70630,86,Coleman-Sanford,Reis,2023-01-08,1165,APU-15,2018,21111.60000,FE
light,WT-8109-65890,15,Franke AG,Moreira,"11/05/2023, 00:00:00",1166,APU-20,2017,24721.30000,FA
light,PE-2666-18532,106,Correia S/A,Lopes Correia e Filhos,09 Jan 2016,1167,APU-15,2022,9669.50000,FC
med,OY-0859-49738,116,Barnett-Stone,Franke AG,2019/04/16,1168,APU-20,2021,10856.70000,FB
H,QZ-2745-04857,87,Junken AG & Co. OHG,Rosenow GmbH & Co. KGaA,25 Mar 2021,1169,APU-12,2019,19262.20000,FE
2,TG-7009-81840,70,Brooks Group,Borges,08 Jan 2016,1170,XC-7,2018,23716.10000,FA
3,HT-0399-72519,118,Rosenow GmbH & Co. KGaA,Martins,"03/27/2022, 00:00:00",1171,APU-20,2021,10639.30000,FD
med,SM-0204-20083,59,Correia S/A,Rädel Aumann KGaA,2023-07-26,1172,APU-20,2020,17248.50000,FA
N,RX-7518-00512,70,Cardoso,Rice-Sims,22 Jan 2024,1173,APU-15,2023,4214.50000,FE
2,MY-1376-98770,76,Barros,Villanueva-Flynn,"07/07/2023, 00:00:00",1174,APU-12,2023,6155.00000,FE
normal,CZ-7410-78740,46,Borges,Cruz,2019/01/11,1175,APU-20,2017,27866.00000,FD
 H ,RW-6731-55896,118,Valente S.A.,Tapia Group,2019-11-08,1176,APU-12,2019,20383.70000,FD
2,TZ-1109-28213,48,Maia S/A,Barros,2021-01-28,1177,APU-15,2018,,FB
heavy,XV-4406-55856,116,Carneiro S/A,Henson Group,2022-11-02,1178,APU-15,2020,14217.90000,FC
2,XJ-3870-28328,54,Machado Simões S/A,Maia S/A,12 Nov 2019,1179,APU-15,2020,16776.40000,FA
 H ,PQ-2525-97967,54,Paiva e Filhos,Maia S/A,2016-05-06,1180,APU-15,2019,17708.50000,FC
H,EP-0913-16307,91,Carneiro S/A,Martins,15 May 2016,1181,APU-12,2022,7131.00000,FD
2,KO-6311-39942,45,Tapia Group,Pinto,"12/18/2016, 00:00:00",1182,APU-20,2021,12282.20000,FE
light,GQ-9971-54483,39,Roskoth,Bähr,2016-01-12,1183,XC-7,2022,10379.10000,FE
2,QD-3302-83827,56,Maia S/A,Harris-Moore,08 Sep 2018,1184,APU-15,2024,3293.10000,FC
light,QV-8665-32113,106,Maia S/A,Pinto,"07/24/2022, 00:00:00",1185,APU-12,2019,18230.20000,FA
H,JU-8560-78754,110,Carneiro S/A,Tavares,2016/04/03,1186,XC-7,2020,14491.80000,FA
light,QA-6430-16236,77,Schmidt,Rosenow GmbH & Co. KGaA,22 Nov 2016,1187,XC-7,2021,13647.40000,FA
 light ,QJ-7293-28561,19,Leal S.A.,Harris-Moore,"06/02/2024, 00:00:00",1188,XC-7,2021,10663.40000,FD
L,LW-1952-80619,6,Rädel Aumann KGaA,Junken AG & Co. OHG,2022/12/17,1189,APU-20,2021,11717.30000,FE
 normal ,WN-1977-09437,86,Paiva e Filhos,Henson Group,2023/04/16,1190,XC-7,2022,9759.70000,FB
med,PN-5104-60964,15,Barnett-Stone,Bähr,2023/02/24,1191,APU-20,2021,11774.20000,FA
L,QK-8422-94481,14,Roskoth,Moreira,2018-08-30,1192,APU-12,2020,14049.70000,FD
1,AA-4646-44310,23,Roskoth,Borges,2021/08/08,1193,APU-12,2023,5968.50000,FD
N,GP-9633-24397,65,Paiva e Filhos,Carlson-Spears,"08/07/2018, 00:00:00",1194,XC-7,2018,23843.10000,FC
2,RX-1643-43019,52,Carneiro S/A,Junken AG & Co. OHG,2024/12/01,1195,APU-15,2021,10819.50000,FD
3,QS-4913-29691,108,Dowerg,Bähr,2024-11-23,1196,XC-7,2016,29136.40000,FE
 H ,NK-0178-15633,117,Valente S.A.,Henson Group,01 Jul 2015,1197,XC-7,2021,13199.90000,FC
normal,SC-4035-19084,29,Barnett-Stone,"Nguyen, Freeman and Roy",2024-07-08,1198,APU-15,2017,24916.00000,FA
normal,SJ-1307-82689,70,Maia S/A,Leal S.A.,03 Jul 2018,1199,APU-15,2017,26509.10000,FD
light,GY-6049-37815,8,Borges,Franke AG,2016-03-19,1200,APU-15,2013,40276.30000,FD
1,AI-7641-22534,12,Borges,Junken AG & Co. OHG,2019-09-28,1201,APU-20,2019,,FC
L,SM-5274-19879,10,Valente S.A.,Barnett-Stone,2015/05/07,1202,APU-12,2017,25020.80000,FE
N,YW-5464-70706,44,Maia S/A,"Nguyen, Freeman and Roy",2017-04-26,1203,APU-15,2021,11450.10000,FE
L,WN-5035-02441,36,Hübel Ebert GmbH,Carlson-Spears,"02/11/2019, 00:00:00",1204,APU-12,2013,41189.10000,FB
N,OA-3718-33761,45,Valente S.A.,Henson Group,14 Mar 2021,1205,APU-12,2023,4228.60000,FB
N,OV-2749-98337,62,Machado Simões S/A,Dowerg,"03/06/2017, 00:00:00",1206,XC-7,2022,7157.50000,FE
L,CU-6065-04517,80,Leal S.A.,Moreira,"04/13/2020, 00:00:00",1207,APU-20,2019,19803.00000,FC
1,MP-7195-46085,1,Carneiro S/A,Cardoso,2018/11/16,1208,APU-20,2021,11040.80000,FD
L,QG-0244-54294,117,Rosenow GmbH & Co. KGaA,Martins,2019-11-05,1209,APU-20,2020,14924.00000,FD
H,LB-0075-44005,118,Loureiro Vicente e Filhos,Barros,2017/01/19,1210,XC-7,2023,6767.60000,FE
heavy,ZE-7856-53044,117,Barros,Barros,2015/04/24,1211,APU-15,2018,21137.70000,FC
N,HL-5894-93346,76,Coleman-Sanford,Villanueva-Flynn,2019-12-12,1212,XC-7,2023,5744.60000,FB
2,OU-7957-21177,65,Roskoth,Paiva e Filhos,"06/13/2022, 00:00:00",1213,XC-7,2021,12523.00000,FB
1,PE-6717-64917,14,Barnett-Stone,Rosenow GmbH & Co. KGaA,2021/06/13,1214,XC-7,2023,6451.70000,FD
N,PI-3563-74804,48,Borges,Lopes Correia e Filhos,31 Jul 2018,1215,APU-20,2022,7098.10000,FC
heavy,YN-1382-63484,114,Barnett-Stone,Maxwell-Lewis,"06/25/2016, 00:00:00",1216,APU-20,2020,15294.50000,FC
normal,EE-6648-16518,65,Klotz AG & Co. OHG,Cardoso,2021/02/26,1217,APU-20,2021,12265.70000,FA
L,AP-6798-15110,85,Machado Simões S/A,Mälzer,2019-08-17,1218,APU-12,2014,35532.00000,FA
L,RZ-4684-36573,36,Pinto,Villanueva-Flynn,2024/12/26,1219,XC-7,2016,30042.00000,FC
H,GB-2060-25048,110,Barnett-Stone,Roskoth,05 Apr 2022,1220,APU-20,2023,6703.20000,FD
1,NV-2906-52246,78,Loureiro Vicente e Filhos,Maia S/A,"07/24/2015, 00:00:00",1221,APU-15,2019,20286.80000,FC
light,NU-7832-46005,12,Borges,Tapia Group,2015-06-27,1222,XC-7,2018,23442.90000,FB
2,VK-8302-59426,40,Franke AG,Brooks Group,25 Mar 2019,1223,XC-7,2022,9826.90000,FE
light,OG-8755-73691,38,Harris-Moore,Rice-Sims,08 Mar 2016,1224,APU-12,2023,4795.80000,FC
L,MT-5526-68971,82,Moreira,Dowerg,07 Aug 2023,1225,APU-12,2021,11140.70000,FE
3,NB-1018-25423,87,Rosenow GmbH & Co. KGaA,Harris-Moore,"08/07/2018, 00:00:00",1226,APU-12,2014,37333.60000,FA
2,LV-1570-93970,71,Klotz AG & Co. OHG,Borges,2022/04/11,1227,APU-15,2022,8260.40000,FC
 2 ,GM-7180-82372,97,Maxwell-Lewis,Maxwell-Lewis,2021-12-15,1228,APU-20,2020,15067.60000,FC
N,JF-5289-33118,73,Martins,Barros,26 Apr 2024,1229,XC-7,2019,20801.80000,FE
1,WL-2824-11452,33,Pinto,Cruz,2020/03/29,1230,APU-15,2021,12203.10000,FA
H,BC-3336-55937,107,Cardoso,Lopes Correia e Filhos,2023-11-09,1231,XC-7,2020,17418.50000,FC
normal,GU-4997-23713,79,Roskoth,Loureiro Vicente e Filhos,"01/04/2024, 00:00:00",1232,APU-12,2016,28823.30000,FE
3,PP-1233-04711,97,Valente S.A.,Maia S/A,2017-12-06,1233,APU-12,2017,26106.40000,FC
med,PN-6134-33296,59,Brooks Group,Borges,"11/28/2019, 00:00:00",1234,XC-7,2023,6103.60000,FA
L,YW-7561-05992,28,Mälzer,Maia S/A,2017-09-09,1235,APU-12,2022,8240.60000,FA
light,KA-9611-96604,24,Henson Group,Dowerg,2024-08-20,1236,APU-20,2023,6159.60000,FD
med,DO-6328-74688,47,Martins,Schmidt,"01/11/2018, 00:00:00",1237,APU-20,2016,28377.20000,FB
H,QN-6205-81817,96,Maxwell-Lewis,Loureiro Vicente e Filhos,"08/17/2021, 00:00:00",1238,APU-15,2021,,FC
normal,UK-7972-15861,78,Moreira,Roskoth,2024/02/14,1239,XC-7,2020,14876.50000,FD
heavy,KM-5563-80873,117,Maxwell-Lewis,Machado Simões S/A,12 May 2020,1240,APU-15,2016,30914.00000,FC
L,RI-7697-77864,33,Cardoso,Dowerg,"06/06/2020, 00:00:00",1241,APU-15,2022,7131.80000,FE
L,FL-0449-64506,31,Klotz AG & Co. OHG,Tapia Group,2016/03/24,1242,APU-15,2022,7987.10000,FA
H,SN-5562-92261,90,Carneiro S/A,Rosenow GmbH & Co. KGaA,"08/06/2018, 00:00:00",1243,APU-12,2019,18267.00000,FE
2,NZ-1505-18198,59,Hübel Ebert GmbH,Carlson-Spears,"06/23/2022, 00:00:00",1244,APU-12,2018,22682.40000,FE
3,MO-2121-73658,79,Moreira,Franke AG,2018-07-16,1245,APU-15,2019,18127.40000,FB
2,OE-0642-95384,65,Lopes Correia e Filhos,Bähr,"06/23/2024, 00:00:00",1246,APU-12,2023,4408.60000,FE
 L ,GD-0914-44230,36,Paiva e Filhos,Maxwell-Lewis,2018/02/24,1247,APU-12,2023,4027.20000,FC
heavy,ON-3573-28279,118,Carneiro S/A,Barnett-Stone,"03/25/2017, 00:00:00",1248,XC-7,2020,14436.20000,FA
light,JC-0540-99427,0,Barnett-Stone,Rice-Sims,13 Mar 2022,1249,APU-15,2021,13890.00000,FC
H,BQ-8093-50643,116,Harris-Moore,Borges,"11/11/2021, 00:00:00",1250,APU-15,2023,4435.00000,FC
H,TL-4646-75893,60,Loureiro Vicente e Filhos,Leal S.A.,"08/04/2017, 00:00:00",1251,APU-12,2022,9247.30000,FE
1,PW-1580-70931,3,Carlson-Spears,Schmidt,2020/01/30,1252,XC-7,2021,12438.40000,FE
L,KD-0852-30818,34,Mälzer,Loureiro Vicente e Filhos,2022/11/15,1253,APU-15,2021,10835.30000,FE
2,CK-3311-24506,43,Villanueva-Flynn,Franke AG,2022/12/12,1254,XC-7,2022,9278.80000,FB
N,FS-0172-82093,45,Brooks Group,Machado Simões S/A,2023-08-28,1255,APU-15,2023,4055.40000,FB
L,MO-5219-96834,34,Leal S.A.,Barros,"04/02/2023, 00:00:00",1256,XC-7,2021,10891.80000,FD
3,ZH-5517-34414,94,Martins,Lopes Correia e Filhos,"01/02/2019, 00:00:00",1257,XC-7,2021,10897.70000,FD
med,JI-0230-23069,47,Coleman-Sanford,Barnett-Stone,"04/08/2023, 00:00:00",1258,XC-7,2022,9494.50000,FE
med,JN-4540-99667,57,Loureiro Vicente e Filhos,Reis,03 Mar 2021,1259,APU-15,2016,29960.40000,FC
N,FN-9099-51189,77,Rice-Sims,Reis,2017-06-28,1260,APU-15,2018,22804.60000,FE
light,YB-7192-80729,18,Pinto,Borges,"03/15/2016, 00:00:00",1261,APU-15,2019,19081.80000,FB
normal,NQ-7243-17140,43,Tapia Group,Paiva e Filhos,2023-06-29,1262,APU-15,2022,8286.50000,FE
2,JV-7208-25334,69,Dowerg,Harris-Moore,2020-12-21,1263,APU-12,2015,34605.20000,FA
heavy,VA-5307-53766,101,Brooks Group,Schmidt,2021/08/17,1264,XC-7,2023,6530.20000,FC
L,ZV-8058-92492,39,"Nguyen, Freeman and Roy",Reis,2016/07/19,1265,APU-15,2023,4924.50000,FE
light,IF-1348-45336,13,Klotz AG & Co. OHG,Pinto,2019-11-26,1266,XC-7,2021,11794.30000,FE
L,SO-0843-17149,29,Roskoth,Paiva e Filhos,2018/01/03,1267,APU-12,2018,23422.90000,FD
H,GL-6038-00821,104,Machado Simões S/A,Martins,2024/05/08,1268,APU-15,2020,,FC
heavy,OP-3060-83563,0,Maia S/A,Maxwell-Lewis,"04/14/2023, 00:00:00",1269,APU-15,2020,15953.40000,FD
heavy,XK-9446-40828,117,Reis,Schmidt,"07/02/2017, 00:00:00",1270,APU-15,2022,8586.10000,FA
normal,JZ-3965-98285,74,Pinto,Tapia Group,12 Mar 2020,1271,APU-15,2023,6953.50000,FA
normal,XI-6146-38419,33,Maxwell-Lewis,Henson Group,2016-07-04,1272,APU-15,2019,17990.70000,FC
N,QQ-5267-48922,72,Carneiro S/A,Leal S.A.,21 Jun 2021,1273,APU-20,2023,6516.30000,FB
med,US-9015-15914,52,Roskoth,Maia S/A,2024-06-05,1274,APU-15,2017,27201.10000,FC
H,HN-1784-12898,118,Reis,Pinto,11 Jun 2019,1275,APU-15,2017,27854.10000,FB
2,BE-9854-66232,118,Bähr,Harris-Moore,2019-12-27,1276,APU-15,2021,13658.00000,FA
normal,WB-7608-12174,78,Henson Group,Dowerg,17 Mar 2024,1277,XC-7,2022,9489.30000,FA
N,IN-0983-28246,37,Bähr,Leal S.A.,2022/09/15,1278,XC-7,2023,5849.80000,FA
2,RW-4915-99753,100,Rädel Aumann KGaA,Moreira,2019/06/27,1279,APU-15,2016,28458.90000,FE
1,RF-3380-15067,37,Brooks Group,Carneiro S/A,"10/14/2020, 00:00:00",1280,XC-7,2020,14692.20000,FA
L,UM-6304-23747,35,Pinto,Brooks Group,13 May 2019,1281,XC-7,2018,21054.30000,FE
med,SG-0524-97980,43,Coleman-Sanford,Martins,"09/22/2019, 00:00:00",1282,APU-20,2022,9049.40000,FE
N,UW-4284-34824,61,Harris-Moore,Mälzer,2024-04-22,1283,APU-20,2022,9909.10000,FB
L,SU-6568-25808,29,Correia S/A,Tapia Group,23 Oct 2015,1284,APU-15,2022,7988.20000,FE
 med ,UQ-7738-46900,63,Brooks Group,Leal S.A.,17 Nov 2020,1285,APU-20,2022,9072.80000,FE
1,JX-9913-71775,22,Coleman-Sanford,Borges,2018-12-16,1286,APU-20,2019,19209.70000,FB
2,TU-6343-93826,33,Moreira,Carlson-Spears,2016-09-07,1287,APU-12,2019,19524.60000,FA
med,IT-0885-98577,57,Klotz AG & Co. OHG,Mälzer,"09/30/2020, 00:00:00",1288,APU-15,2019,19815.30000,FB
1,JL-4144-67663,20,Martins,Paiva e Filhos,2018/12/08,1289,XC-7,2021,10814.10000,FB
H,XH-2567-36748,108,Valente S.A.,Mälzer,2024-09-28,1290,APU-15,2018,21282.10000,FC
light,KZ-5695-82295,118,Lopes Correia e Filhos,Klotz AG & Co. OHG,"12/29/2016, 00:00:00",1291,APU-20,2020,14327.40000,FE
3,ZT-3465-10500,106,Bähr,Junken AG & Co. OHG,2020-05-15,1292,APU-15,2022,7591.40000,FD
L,OC-0478-78765,57,Borges,Klotz AG & Co. OHG,"11/16/2018, 00:00:00",1293,APU-20,2022,8463.50000,FE
2,SD-3121-31724,104,Brooks Group,Klotz AG & Co. OHG,2017-10-11,1294,XC-7,2018,23229.70000,FE
light,XV-4223-85930,39,Cardoso,Loureiro Vicente e Filhos,2015-06-27,1295,APU-12,2016,31106.20000,FC
L,LM-6003-99094,52,Rädel Aumann KGaA,Maia S/A,"06/10/2019, 00:00:00",1296,APU-12,2020,14606.90000,FE
med,RL-3655-81489,57,Coleman-Sanford,Dowerg,17 Aug 2018,1297,XC-7,2021,11375.80000,FA
 N ,DI-7383-50919,7,Maxwell-Lewis,Dowerg,2016-08-19,1298,XC-7,2022,9771.30000,FD
L,DL-1808-86205,118,Rice-Sims,Loureiro Vicente e Filhos,26 Aug 2018,1299,XC-7,2021,10720.80000,FC
 3 ,IY-8442-44416,68,Hübel Ebert GmbH,Maxwell-Lewis,2022/11/27,1300,APU-12,2022,7757.40000,FC
light,WF-0850-31062,6,Paiva e Filhos,Cruz,2022-10-17,1301,APU-15,2019,19202.90000,FE
3,ZX-8349-71678,86,Carlson-Spears,Cardoso,12 Jan 2021,1302,APU-12,2020,16649.00000,FA
L,KX-4375-42343,93,Dowerg,Villanueva-Flynn,"06/30/2019, 00:00:00",1303,APU-12,2022,8010.60000,FC
 2 ,CG-7645-03261,71,Barros,Moreira,2023-01-12,1304,XC-7,2024,3366.50000,FA
normal,LT-2926-25227,75,Cardoso,Harris-Moore,24 Jun 2017,1305,APU-20,2022,7161.40000,FA
normal,JE-5408-90845,23,Harris-Moore,Rädel Aumann KGaA,2022/04/07,1306,APU-15,2022,8291.80000,FD
light,PQ-8377-11941,28,Franke AG,Borges,2024/11/20,1307,APU-12,2021,10631.10000,FB
N,VF-1712-14853,69,Lopes Correia e Filhos,Loureiro Vicente e Filhos,2020/11/22,1308,APU-15,2020,,FE
1,RW-9264-61365,16,Rädel Aumann KGaA,Pinto,01 Aug 2020,1309,APU-20,2019,19582.30000,FA
normal,SW-3076-63663,41,Rädel Aumann KGaA,Roskoth,2015-12-29,1310,XC-7,2024,2089.40000,FE
light,NC-7897-45479,16,Roskoth,Klotz AG & Co. OHG,2020-01-12,1311,APU-12,2021,11248.90000,FE
N,RU-2337-95923,55,Lopes Correia e Filhos,Martins,"03/10/2019, 00:00:00",1312,APU-20,2023,5395.30000,FE
light,UM-7946-39443,15,Villanueva-Flynn,Roskoth,24 Mar 2016,1313,APU-20,2021,,FD
light,YU-6371-70580,1,Klotz AG & Co. OHG,Martins,06 Sep 2018,1314,APU-12,2020,14687.30000,FA
light,PF-9063-22447,100,Tapia Group,Correia S/A,2019-02-25,1315,APU-12,2022,7800.20000,FD
H,QS-2229-41301,75,Henson Group,Rice-Sims,"04/22/2019, 00:00:00",1316,APU-15,2023,4942.10000,FC
L,LX-8717-23237,117,Dowerg,Leal S.A.,20 Feb 2015,1317,XC-7,2020,14388.50000,FA
med,PL-3749-51864,45,Barros,Roskoth,2018-07-11,1318,APU-20,2023,6808.90000,FC
1,BV-2765-49756,32,Barnett-Stone,Mälzer,2015-01-06,1319,APU-12,2018,21686.10000,FA
L,QN-4695-60802,14,Carlson-Spears,Henson Group,"06/16/2016, 00:00:00",1320,XC-7,2022,8233.40000,FB
normal,GV-3729-78454,27,Rice-Sims,Harris-Moore,"06/25/2023, 00:00:00",1321,APU-20,2014,37624.10000,FD
H,FF-5272-24357,101,Mälzer,Cruz,"08/09/2023, 00:00:00",1322,APU-12,2021,13373.30000,FE
N,KE-6503-82882,111,Brooks Group,"Nguyen, Freeman and Roy",2016-07-23,1323,APU-12,2020,15781.20000,FD
1,TW-7765-61490,32,Rädel Aumann KGaA,Martins,2015-04-29,1324,XC-7,2020,14607.50000,FC
light,JB-5334-51375,72,Valente S.A.,Leal S.A.,2019/12/28,1325,APU-12,2020,15027.40000,FB
L,JD-7768-46875,90,Correia S/A,Hübel Ebert GmbH,2018/07/22,1326,APU-20,2021,13879.40000,FE
H,HE-4724-96575,111,Carlson-Spears,Rosenow GmbH & Co. KGaA,"10/03/2016, 00:00:00",1327,XC-7,2021,,FA
3,UB-3243-92623,106,Cardoso,Henson Group,25 Nov 2021,1328,XC-7,2019,20656.20000,FE
L,FE-2636-65654,5,Borges,Hübel Ebert GmbH,01 Apr 2019,1329,APU-20,2022,9055.80000,FD
light,ED-4165-57936,30,Correia S/A,Rosenow GmbH & Co. KGaA,31 Jan 2021,1330,APU-12,2019,19044.60000,FD
 light ,DP-7856-39131,22,Coleman-Sanford,Henson Group,"10/26/2019, 00:00:00",1331,APU-20,2023,5129.30000,FA
L,ZV-0199-21612,26,Klotz AG & Co. OHG,Barnett-Stone,"10/16/2016, 00:00:00",1332,APU-12,2021,11014.10000,FD
 1 ,VF-4056-90907,19,Bähr,Rosenow GmbH & Co. KGaA,2015-11-30,1333,XC-7,2018,21172.40000,FD
light,TZ-7949-27784,16,Leal S.A.,Barros,27 Mar 2023,1334,APU-20,2022,7743.00000,FE
L,DT-6420-97963,31,Franke AG,Leal S.A.,18 Oct 2021,1335,APU-12,2023,6891.10000,FA
L,CT-7445-67271,2,Tapia Group,Bähr,2016/12/10,1336,APU-12,2016,28318.50000,FD
3,CL-0510-21827,95,Bähr,Mälzer,2018/02/26,1337,APU-20,2018,21214.40000,FD
N,WU-3353-26086,51,Paiva e Filhos,Franke AG,23 Oct 2015,1338,APU-20,2020,16853.20000,FE
L,HA-4504-43510,35,Brooks Group,Bähr,"12/22/2018, 00:00:00",1339,XC-7,2023,4270.80000,FC
light,FX-1429-69727,118,Rädel Aumann KGaA,Machado Simões S/A,2021/02/13,1340,APU-12,2015,33520.90000,FB
2,BR-5894-94008,79,Lopes Correia e Filhos,Cruz,2016/10/22,1341,APU-15,2023,6900.10000,FE
2,RI-1129-19434,79,Valente S.A.,Schmidt,"01/23/2022, 00:00:00",1342,XC-7,2018,23750.60000,FE
2,VN-8379-33425,53,Schmidt,Barnett-Stone,11 Jul 2024,1343,APU-15,2017,25608.50000,FC
light,SF-3725-56358,68,Leal S.A.,Cruz,"07/03/2022, 00:00:00",1344,APU-12,2023,6919.60000,FA
 med ,PS-7463-44618,37,Brooks Group,Tavares,11 May 2018,1345,APU-15,2020,14252.20000,FB
light,XM-8677-53265,91,Borges,Schmidt,"01/22/2021, 00:00:00",1346,XC-7,2020,15780.70000,FD
 N ,OK-6792-58435,43,Lopes Correia e Filhos,Rädel Aumann KGaA,30 Nov 2022,1347,XC-7,2021,11761.80000,FD
normal,JD-4656-46886,40,Bähr,Villanueva-Flynn,"09/20/2022, 00:00:00",1348,XC-7,2020,14989.50000,FD
light,BL-3849-77991,11,Hübel Ebert GmbH,Harris-Moore,2023/08/31,1349,APU-12,2021,11685.90000,FE
heavy,FQ-1353-08768,41,Harris-Moore,Machado Simões S/A,2020-06-04,1350,APU-20,2022,8429.90000,FC
heavy,PZ-3283-75909,89,Rice-Sims,Cruz,2019/11/06,1351,APU-20,2019,18336.50000,FD
3,AH-1299-03062,83,Paiva e Filhos,Henson Group,18 Jul 2023,1352,APU-15,2023,6808.50000,FC
2,VT-4032-40961,70,Moreira,Lopes Correia e Filhos,2022/08/08,1353,APU-15,2019,18307.30000,FC
 med ,ZI-4548-13391,78,Tapia Group,Barnett-Stone,2023-03-07,1354,APU-20,2020,16400.10000,FC
light,MC-1204-81548,53,Maia S/A,Reis,2016/04/30,1355,XC-7,2023,5355.50000,FD
med,FZ-4863-82137,42,Villanueva-Flynn,Carneiro S/A,2024-05-12,1356,APU-20,2022,7669.50000,FD
med,OY-1460-77401,67,Tavares,Brooks Group,2019/01/31,1357,XC-7,2020,15787.60000,FA
 heavy ,JE-2315-24384,115,Hübel Ebert GmbH,Mälzer,"02/16/2021, 00:00:00",1358,XC-7,2016,30653.90000,FA
1,OB-5909-06180,81,Mälzer,Dowerg,"09/18/2015, 00:00:00",1359,APU-12,2023,3739.00000,FD
3,IH-4452-46079,52,Dowerg,Cruz,2018-04-20,1360,XC-7,2024,3316.10000,FD
H,VC-2993-25396,96,Bähr,Paiva e Filhos,2024-07-18,1361,XC-7,2016,29311.20000,FB
1,EG-3594-30401,16,"Nguyen, Freeman and Roy",Paiva e Filhos,08 Aug 2018,1362,XC-7,2022,9418.40000,FA
2,WT-9645-80828,53,Junken AG & Co. OHG,Franke AG,21 May 2015,1363,APU-20,2023,4193.60000,FE
H,HY-8787-62317,83,Moreira,Loureiro Vicente e Filhos,2016-11-30,1364,XC-7,2019,20151.60000,FC
 1 ,KJ-7783-93146,14,Moreira,Carlson-Spears,30 Sep 2015,1365,APU-12,2019,19924.70000,FD
med,NX-7153-64139,75,Cruz,Rosenow GmbH & Co. KGaA,04 Nov 2021,1366,APU-20,2020,15194.70000,FA
1,LH-9100-91160,3,Dowerg,Hübel Ebert GmbH,2019/05/31,1367,APU-12,2021,10768.50000,FD
3,CQ-6655-08746,100,Rice-Sims,Mälzer,2024-01-07,1368,APU-12,2012,45000.00000,FD
3,CH-3310-49937,96,Hübel Ebert GmbH,Machado Simões S/A,03 Jan 2019,1369,APU-12,2022,10394.70000,FC
N,XD-7386-44102,73,Barros,Dowerg,2020-10-11,1370,APU-15,2023,6738.60000,FE
2,US-7966-81572,43,Reis,Lopes Correia e Filhos,09 Aug 2016,1371,APU-20,2018,,FB
1,XD-3387-43744,102,Carneiro S/A,Junken AG & Co. OHG,2023/07/28,1372,APU-20,2023,5255.10000,FE
med,KP-0667-97766,71,Klotz AG & Co. OHG,Borges,"08/10/2021, 00:00:00",1373,APU-20,2022,9464.10000,FD
1,YW-6188-34243,0,Cruz,Rosenow GmbH & Co. KGaA,20 Nov 2019,1374,APU-12,2021,,FC
L,MJ-3034-42356,0,Barros,Klotz AG & Co. OHG,2018-07-01,1375,APU-20,2020,,FA
L,IR-3027-47974,24,Barros,Reis,2023/09/20,1376,APU-20,2018,21831.10000,FB
light,KL-1614-12183,11,Cruz,Borges,2023-05-27,1377,APU-15,2019,20410.60000,FD
L,UN-6404-06731,27,Rädel Aumann KGaA,Villanueva-Flynn,2024-10-06,1378,APU-12,2023,6666.10000,FA
normal,GH-5543-50208,81,Martins,Pinto,"06/22/2015, 00:00:00",1379,APU-12,2022,10460.60000,FC
med,GX-4439-08766,66,Schmidt,Tapia Group,"01/21/2022, 00:00:00",1380,XC-7,2019,19786.60000,FA
light,PF-8252-95276,38,Moreira,Cardoso,"10/18/2018, 00:00:00",1381,APU-12,2021,,FA
heavy,TH-6791-28430,53,Borges,Hübel Ebert GmbH,"02/25/2021, 00:00:00",1382,APU-15,2019,20240.10000,FA
2,QW-0309-68127,53,Schmidt,Junken AG & Co. OHG,2024/10/08,1383,APU-20,2021,13383.90000,FD
light,VX-9231-41272,107,Leal S.A.,Klotz AG & Co. OHG,2016-07-29,1384,APU-20,2022,8904.20000,FD
heavy,CT-2264-74780,97,Carlson-Spears,Roskoth,"05/26/2016, 00:00:00",1385,APU-15,2020,17049.80000,FC
light,IH-6870-92295,17,Martins,Pinto,"07/03/2023, 00:00:00",1386,APU-15,2022,9703.90000,FD
med,JU-4221-00164,79,Carneiro S/A,Carlson-Spears,2022/05/28,1387,APU-12,2020,16527.30000,FE
light,RL-6607-64089,88,Leal S.A.,Lopes Correia e Filhos,10 Jan 2024,1388,XC-7,2018,24400.60000,FB
heavy,SP-0272-85233,87,Correia S/A,Cruz,"02/06/2015, 00:00:00",1389,APU-12,2016,29632.80000,FC
heavy,LF-6004-60747,86,Leal S.A.,Cruz,"09/02/2021, 00:00:00",1390,APU-15,2020,14717.80000,FB
N,WX-5452-31000,88,Rosenow GmbH & Co. KGaA,Barros,"12/14/2015, 00:00:00",1391,APU-15,2020,15189.90000,FD
light,FM-9212-16209,106,Rice-Sims,Loureiro Vicente e Filhos,2016-08-03,1392,APU-15,2021,11510.30000,FD
heavy,CF-5529-43000,108,Harris-Moore,"Nguyen, Freeman and Roy",2023-03-29,1393,APU-20,2021,11423.10000,FC
light,NP-3936-63500,0,Barros,Mälzer,2024/09/03,1394,APU-12,2022,7719.60000,FA
N,GO-8844-46689,55,Carlson-Spears,Junken AG & Co. OHG,2016/04/20,1395,XC-7,2023,6376.90000,FA
N,CC-1598-88714,32,"Nguyen, Freeman and Roy",Leal S.A.,"04/20/2020, 00:00:00",1396,APU-12,2018,21159.90000,FC
3,KH-8845-53544,82,Henson Group,Maia S/A,2016/12/01,1397,XC-7,2020,14477.00000,FC
3,AQ-5501-70934,89,Carlson-Spears,Rosenow GmbH & Co. KGaA,2018-02-26,1398,APU-20,2022,9872.10000,FB
heavy,RZ-5758-72334,107,Martins,Franke AG,"07/06/2019, 00:00:00",1399,APU-12,2024,3376.70000,FC
L,MT-1567-16528,34,Cardoso,Junken AG & Co. OHG,"05/17/2023, 00:00:00",1400,XC-7,2019,18843.00000,FD
 2 ,DZ-1619-05240,12,Correia S/A,Junken AG & Co. OHG,2020-07-15,1401,XC-7,2022,10491.60000,FC
N,YQ-7789-15388,68,Junken AG & Co. OHG,Carneiro S/A,2023-09-09,1402,APU-20,2020,14403.70000,FA
light,JL-9892-15776,59,Borges,Correia S/A,2021/08/09,1403,APU-15,2021,12612.80000,FD
3,VR-0406-99172,107,Moreira,Machado Simões S/A,"11/18/2024, 00:00:00",1404,XC-7,2022,9774.20000,FC
N,WS-3009-83966,51,Leal S.A.,Correia S/A,"03/07/2019, 00:00:00",1405,APU-12,2022,8179.30000,FB
med,ZL-3395-60578,70,Leal S.A.,Schmidt,2024-12-20,1406,APU-15,2022,9062.30000,FC
2,HB-1075-79316,59,Tavares,Tavares,31 Mar 2018,1407,XC-7,2019,20772.60000,FE
3,ZX-1890-43736,112,Franke AG,Hübel Ebert GmbH,11 Dec 2023,1408,APU-15,2022,10095.40000,FE
3,HN-2767-26539,116,Loureiro Vicente e Filhos,Cardoso,2019-12-18,1409,APU-20,2022,8048.70000,FC
1,YJ-0292-67313,12,Pinto,Mälzer,2017-10-17,1410,APU-20,2023,4865.50000,FE
1,NV-0218-69675,13,Rice-Sims,Paiva e Filhos,"03/09/2023, 00:00:00",1411,APU-12,2020,15303.50000,FB
H,KI-8828-54359,83,Hübel Ebert GmbH,Paiva e Filhos,05 Jul 2019,1412,APU-12,2023,6539.20000,FE
2,PM-9664-69777,46,Roskoth,Barnett-Stone,2019-05-11,1413,APU-20,2022,10370.10000,FE
light,EA-2025-78612,66,Rice-Sims,Bähr,2016/11/29,1414,APU-15,2019,19356.50000,FB
 normal ,XX-8032-02102,60,Bähr,Correia S/A,2019/04/14,1415,APU-15,2022,7449.10000,FB
N,BL-3688-00102,47,Hübel Ebert GmbH,Correia S/A,2023/11/04,1416,APU-15,2022,,FC
L,RA-1185-71666,5,Brooks Group,Barros,2018-08-12,1417,APU-15,2023,4672.80000,FD
1,YD-0704-80388,51,Roskoth,Franke AG,"08/26/2020, 00:00:00",1418,XC-7,2022,7052.70000,FA
med,QH-2636-79052,115,Roskoth,Klotz AG & Co. OHG,16 Jun 2019,1419,APU-15,2022,7120.00000,FE
2,HL-2733-38427,76,Loureiro Vicente e Filhos,Barros,"03/14/2023, 00:00:00",1420,XC-7,2023,6932.50000,FD
1,OP-0829-46230,48,Moreira,Dowerg,"02/13/2020, 00:00:00",1421,APU-15,2018,22111.20000,FB
 3 ,NE-5431-53369,108,Hübel Ebert GmbH,Reis,2021-09-15,1422,XC-7,2020,,FE
normal,ZE-9935-43526,53,Martins,Roskoth,"10/16/2023, 00:00:00",1423,APU-12,2023,6347.90000,FE
 light ,AC-1483-18857,27,Harris-Moore,Correia S/A,27 Jan 2024,1424,APU-20,2022,8037.50000,FA
1,XA-3903-82049,37,Barros,Valente S.A.,15 Oct 2024,1425,APU-20,2019,18791.60000,FC
L,AX-1114-62251,26,Klotz AG & Co. OHG,Leal S.A.,2017-02-10,1426,XC-7,2022,9255.50000,FD
N,JO-7415-82788,59,Franke AG,Paiva e Filhos,2021/03/20,1427,APU-12,2013,39843.80000,FD
heavy,YM-1766-89430,36,Leal S.A.,Rosenow GmbH & Co. KGaA,2017/06/29,1428,XC-7,2020,14548.60000,FC
L,YJ-1775-31636,89,Henson Group,Correia S/A,2016-11-16,1429,APU-15,2022,9278.80000,FD
L,XE-1673-58100,11,Rosenow GmbH & Co. KGaA,Bähr,02 Feb 2023,1430,APU-20,2021,11719.80000,FB
light,CY-3828-92728,91,Rosenow GmbH & Co. KGaA,Maxwell-Lewis,"09/30/2017, 00:00:00",1431,APU-15,2018,21726.70000,FD
light,OV-1295-27008,19,Machado Simões S/A,Maxwell-Lewis,04 Mar 2015,1432,XC-7,2017,25073.90000,FA
H,MA-7885-95246,97,Cruz,Henson Group,2021/03/27,1433,APU-12,2019,18027.90000,FE
L,PS-7646-16166,18,Henson Group,Schmidt,2021-11-07,1434,APU-12,2021,13563.10000,FE
1,OE-6378-10350,31,Carneiro S/A,Barros,2024/11/03,1435,XC-7,2022,8479.00000,FA
H,OI-0258-44362,82,Hübel Ebert GmbH,Moreira,16 Nov 2018,1436,XC-7,2022,9003.20000,FD
light,DC-5458-18095,27,Machado Simões S/A,Carneiro S/A,2023-05-29,1437,XC-7,2022,10452.90000,FA
H,DD-3534-83231,24,Borges,Klotz AG & Co. OHG,"01/29/2023, 00:00:00",1438,XC-7,2022,,FC
L,JW-4474-12092,31,Lopes Correia e Filhos,Tapia Group,"08/03/2017, 00:00:00",1439,APU-20,2021,12318.70000,FD
1,QX-3416-68173,18,Tavares,Hübel Ebert GmbH,2017/10/24,1440,XC-7,2014,35401.00000,FC
heavy,EC-8891-91502,118,Rosenow GmbH & Co. KGaA,Dowerg,11 Jul 2024,1441,APU-12,2022,9154.80000,FC
1,TB-3781-16506,6,Valente S.A.,Leal S.A.,"07/23/2018, 00:00:00",1442,APU-12,2021,10702.40000,FD
1,GQ-2614-12132,32,Dowerg,Loureiro Vicente e Filhos,2022/07/01,1443,XC-7,2022,,FD
L,UQ-1270-99854,22,Rosenow GmbH & Co. KGaA,Barnett-Stone,2015/08/23,1444,APU-15,2020,14541.40000,FB
normal,PA-0819-46305,69,Martins,Mälzer,"11/01/2020, 00:00:00",1445,APU-15,2021,12928.60000,FA
light,PL-4594-17931,48,Moreira,Rosenow GmbH & Co. KGaA,25 Apr 2022,1446,APU-12,2023,,FC
1,PV-0030-89588,5,Maia S/A,Klotz AG & Co. OHG,"05/28/2024, 00:00:00",1447,APU-20,2019,19881.70000,FC
light,FJ-3762-35894,3,Coleman-Sanford,Moreira,02 Sep 2016,1448,XC-7,2020,,FC
 2 ,CU-4910-40889,62,Franke AG,Cardoso,"09/07/2020, 00:00:00",1449,XC-7,2020,14642.40000,FB
L,UW-4542-97570,25,Villanueva-Flynn,Carneiro S/A,15 Nov 2019,1450,APU-15,2019,20526.30000,FA
H,VM-1854-97820,57,Carlson-Spears,Reis,29 Apr 2024,1451,XC-7,2022,7819.10000,FD
2,LP-7700-77908,72,Franke AG,Schmidt,2019/01/26,1452,XC-7,2020,14252.20000,FB
 2 ,TC-2767-82651,45,Hübel Ebert GmbH,Valente S.A.,2018-08-21,1453,APU-15,2021,10634.90000,FA
light,DW-3734-53526,30,Valente S.A.,Carneiro S/A,2018/09/30,1454,APU-12,2018,23572.80000,FD
1,HX-9551-52519,35,Correia S/A,Maia S/A,11 Jan 2022,1455,APU-20,2020,14860.30000,FC
3,ZP-8233-90116,84,Machado Simões S/A,Tapia Group,"09/09/2023, 00:00:00",1456,XC-7,2022,7485.10000,FD
light,HR-8989-74485,18,Harris-Moore,Loureiro Vicente e Filhos,"03/04/2021, 00:00:00",1457,XC-7,2022,9481.60000,FD
L,HP-1097-83834,50,Lopes Correia e Filhos,Moreira,2023/03/16,1458,APU-20,2021,13734.30000,FC
 2 ,BV-8627-86367,60,Brooks Group,Franke AG,2015-06-09,1459,APU-20,2023,3597.00000,FD
H,DY-9233-58473,45,Junken AG & Co. OHG,Pinto,"02/18/2021, 00:00:00",1460,APU-15,2022,8696.20000,FC
light,DP-1631-41514,108,Barnett-Stone,Martins,2017/05/25,1461,APU-12,2023,,FD
heavy,MH-7316-99661,115,Carneiro S/A,Schmidt,2019/12/04,1462,APU-15,2018,22487.90000,FC
1,NK-2743-10213,51,Cardoso,Moreira,31 Jul 2019,1463,APU-12,2023,5600.60000,FD
2,EW-1343-19414,80,Tapia Group,Barnett-Stone,03 Mar 2018,1464,APU-20,2022,9600.00000,FD
2,DJ-9660-89982,65,Cardoso,Tavares,19 Apr 2015,1465,APU-20,2023,6251.80000,FE
med,CI-5871-19517,79,Maxwell-Lewis,Machado Simões S/A,30 May 2022,1466,XC-7,2013,41125.20000,FA
1,VT-6421-89216,94,Mälzer,Loureiro Vicente e Filhos,2015/04/08,1467,APU-12,2022,7505.80000,FC
1,UY-9117-65273,20,Cardoso,Rice-Sims,2024/01/15,1468,APU-15,2020,17337.00000,FE
heavy,FM-2827-30475,119,Junken AG & Co. OHG,Henson Group,28 Jun 2017,1469,APU-12,2021,12659.80000,FD
normal,EH-4660-51104,40,Roskoth,Cardoso,2018/05/12,1470,APU-20,2020,15265.90000,FC
med,WM-2094-88864,71,Klotz AG & Co. OHG,Leal S.A.,2023-11-19,1471,XC-7,2023,6756.00000,FA
1,AL-4355-90989,3,Machado Simões S/A,Bähr,"12/24/2019, 00:00:00",1472,APU-12,2021,12219.20000,FC
L,ND-6262-26372,15,Barros,Lopes Correia e Filhos,31 Aug 2017,1473,APU-12,2022,7736.00000,FC
light,SW-3611-88998,14,Mälzer,Villanueva-Flynn,"01/28/2017, 00:00:00",1474,XC-7,2023,4470.60000,FC
1,ZX-8578-88457,53,Tavares,Tavares,"08/30/2023, 00:00:00",1475,APU-15,2023,,FE
normal,PT-8149-91932,70,Junken AG & Co. OHG,Reis,2016-08-06,1476,APU-15,2023,5069.10000,FA
light,SQ-3412-24061,26,Carneiro S/A,Junken AG & Co. OHG,"05/19/2020, 00:00:00",1477,APU-12,2022,7090.70000,FD
L,HL-1603-58665,9,Martins,Mälzer,2023/02/12,1478,XC-7,2017,26854.00000,FB
1,BY-6326-01492,9,Brooks Group,Brooks Group,27 Jun 2015,1479,XC-7,2022,9357.10000,FE
med,LH-9213-66119,69,Pinto,Hübel Ebert GmbH,2016-03-14,1480,APU-12,2022,7679.70000,FA
heavy,AK-1944-05358,82,Barros,Franke AG,"11/30/2020, 00:00:00",1481,APU-20,2022,7593.80000,FB
2,BJ-5029-80446,54,Carneiro S/A,Carlson-Spears,2024/06/12,1482,APU-15,2022,10080.20000,FE
N,HN-5704-51741,26,Cardoso,Tavares,2023/06/07,1483,APU-15,2018,24303.90000,FC
L,JF-7244-35393,10,Villanueva-Flynn,Maia S/A,17 Aug 2021,1484,APU-20,2020,15365.20000,FB
heavy,ZF-9789-69647,111,Rice-Sims,Junken AG & Co. OHG,"03/05/2018, 00:00:00",1485,XC-7,2020,15548.70000,FE
1,JU-5078-89160,34,Schmidt,Brooks Group,28 Dec 2021,1486,APU-15,2019,20333.80000,FC
light,YA-2830-61939,14,Barros,Mälzer,"01/13/2021, 00:00:00",1487,APU-15,2019,18592.20000,FD
N,FV-2315-25673,81,Borges,Carlson-Spears,03 Aug 2018,1488,APU-12,2023,6043.50000,FB
3,SU-9394-44930,58,Martins,Martins,2018/01/14,1489,APU-12,2019,20542.40000,FE
med,CS-8647-37973,70,Correia S/A,Brooks Group,2019-12-14,1490,APU-12,2016,29361.60000,FE
 3 ,QR-9760-75893,105,Mälzer,Rädel Aumann KGaA,2022/11/10,1491,XC-7,2023,5582.00000,FE
L,XA-5463-48096,19,Harris-Moore,Barros,2019-08-11,1492,APU-12,2021,10977.40000,FD
heavy,JZ-7810-13337,113,Carneiro S/A,Rädel Aumann KGaA,2021-08-18,1493,APU-20,2023,3759.80000,FE
normal,KG-7718-67021,73,Paiva e Filhos,Reis,2021/01/21,1494,APU-15,2023,4586.20000,FE
L,RJ-8323-76725,2,Brooks Group,Leal S.A.,2018/11/29,1495,APU-20,2018,21546.80000,FB
 1 ,MX-8522-16599,38,Schmidt,Villanueva-Flynn,2023/01/23,1496,APU-15,2013,38613.30000,FD
3,RC-5643-51527,45,Villanueva-Flynn,Correia S/A,"07/22/2020, 00:00:00",1497,APU-12,2017,26302.40000,FE
L,TE-5713-41220,32,Franke AG,Carneiro S/A,2020/01/10,1498,XC-7,2021,12665.70000,FA
L,IR-4655-96620,79,Mälzer,Schmidt,2022/08/03,1499,APU-15,2020,16367.30000,FB
N,IP-6112-95304,54,"Nguyen, Freeman and Roy",Correia S/A,2019-03-27,1500,XC-7,2020,14641.70000,FA
1,LR-1731-64325,5,Martins,Franke AG,2016-07-10,1501,APU-20,2021,13627.10000,FB
normal,UY-5542-25167,21,Klotz AG & Co. OHG,Barros,11 Dec 2019,1502,APU-12,2021,11168.30000,FA
heavy,CQ-5761-58540,65,Bähr,Rosenow GmbH & Co. KGaA,2018-03-14,1503,APU-15,2023,4580.70000,FA
 med ,JC-4436-77096,37,Lopes Correia e Filhos,Klotz AG & Co. OHG,2019-06-07,1504,XC-7,2021,13508.00000,FB
heavy,GX-1640-44034,88,Reis,Correia S/A,2023-02-03,1505,XC-7,2022,8781.20000,FE
N,ZP-2885-27824,114,Barnett-Stone,Franke AG,"01/01/2017, 00:00:00",1506,XC-7,2019,17556.40000,FA
light,MB-9468-15038,68,Junken AG & Co. OHG,Borges,28 Sep 2015,1507,XC-7,2021,10724.40000,FA
light,NR-6324-32533,35,Lopes Correia e Filhos,Hübel Ebert GmbH,2016-01-01,1508,APU-15,2018,23462.10000,FC
1,CL-6008-46709,84,Carlson-Spears,Tapia Group,28 Jan 2024,1509,XC-7,2023,5171.70000,FE
3,FH-1597-69234,102,Henson Group,Rice-Sims,14 Jan 2021,1510,APU-20,2020,14751.60000,FB
N,AZ-3885-13260,64,Reis,Henson Group,10 Sep 2022,1511,APU-15,2023,6146.90000,FC
H,AJ-0885-46149,40,Barnett-Stone,Brooks Group,10 Apr 2018,1512,APU-15,2016,31405.00000,FE
L,MI-1468-88760,105,Tapia Group,Harris-Moore,"04/02/2018, 00:00:00",1513,APU-15,2018,22040.50000,FC
light,SJ-2120-26729,2,Coleman-Sanford,Harris-Moore,"10/09/2017, 00:00:00",1514,APU-20,2018,22687.20000,FD
1,GU-7368-80643,11,Cardoso,Barnett-Stone,"12/04/2019, 00:00:00",1515,XC-7,2015,33018.80000,FB
L,XM-8497-09602,26,Martins,Barros,2015/01/18,1516,APU-20,2021,12559.30000,FB
 light ,EC-7924-11943,21,Coleman-Sanford,Correia S/A,"03/26/2015, 00:00:00",1517,APU-12,2021,11363.00000,FD
1,ZQ-7866-17750,69,Rädel Aumann KGaA,Tavares,2021-06-21,1518,APU-20,2020,17232.70000,FC
3,IX-7078-14482,95,Franke AG,Moreira,2019/01/03,1519,APU-20,2021,12457.10000,FE
2,PD-7956-17154,15,Roskoth,Hübel Ebert GmbH,"06/12/2024, 00:00:00",1520,APU-15,2021,10782.90000,FA
3,YB-4584-77954,35,Cruz,Tapia Group,2023-05-19,1521,APU-15,2021,12755.30000,FC
normal,LT-1144-42288,26,Rosenow GmbH & Co. KGaA,Loureiro Vicente e Filhos,2020-02-05,1522,APU-12,2021,12730.20000,FD
N,PQ-9999-78172,41,Schmidt,Barros,"04/12/2016, 00:00:00",1523,APU-20,2023,4544.90000,FC
1,EN-8569-46390,36,Paiva e Filhos,Barnett-Stone,15 Mar 2016,1524,APU-12,2021,12770.20000,FB
H,HA-2562-72175,96,Borges,Borges,2021/02/05,1525,XC-7,2023,4425.90000,FE
3,KV-4024-85544,82,Rice-Sims,Cruz,2019/06/20,1526,XC-7,2022,8827.00000,FB
H,RH-7390-16327,86,Reis,Correia S/A,"08/25/2019, 00:00:00",1527,APU-15,2018,21691.10000,FB
3,GV-6925-95921,102,Henson Group,Klotz AG & Co. OHG,13 Nov 2017,1528,XC-7,2022,7849.80000,FC
3,GY-6152-77740,97,Tavares,Carlson-Spears,2023-11-27,1529,APU-15,2020,15981.50000,FC
N,WA-7345-06923,77,"Nguyen, Freeman and Roy",Tapia Group,"01/16/2016, 00:00:00",1530,APU-12,2021,13328.70000,FD
3,OG-3131-44135,14,Bähr,Bähr,"05/09/2016, 00:00:00",1531,APU-15,2021,11475.70000,FD
1,KZ-4817-23641,39,Machado Simões S/A,Dowerg,2024-10-28,1532,APU-15,2021,11582.50000,FB
L,ZW-9680-86159,12,Henson Group,"Nguyen, Freeman and Roy",2024/12/02,1533,XC-7,2020,14706.10000,FB
2,GK-2472-52383,51,Dowerg,Reis,2017/09/10,1534,APU-15,2012,45000.00000,FE
heavy,KD-0804-20811,111,Machado Simões S/A,Martins,2015-08-19,1535,APU-20,2018,24314.80000,FD
light,BN-7982-65296,37,Borges,Cardoso,2021-08-10,1536,APU-20,2022,10291.10000,FC
 light ,TK-3794-79746,49,Martins,Brooks Group,"09/21/2015, 00:00:00",1537,APU-15,2021,13231.50000,FE
3,QM-2850-33657,101,Maia S/A,Henson Group,2018/03/18,1538,XC-7,2023,5801.00000,FC
1,QC-0835-37313,3,Valente S.A.,Maxwell-Lewis,"11/26/2015, 00:00:00",1539,XC-7,2020,14655.30000,FE
L,SO-1371-41711,2,Rice-Sims,Rädel Aumann KGaA,2016/09/18,1540,XC-7,2023,4577.90000,FE
med,DN-5222-15733,62,Reis,Loureiro Vicente e Filhos,25 May 2024,1541,APU-20,2020,15714.60000,FB
med,NJ-7784-86206,78,Roskoth,Harris-Moore,2022-09-05,1542,APU-20,2019,18941.20000,FA
light,ZU-7362-15710,3,Maxwell-Lewis,Reis,2024-08-12,1543,APU-12,2023,6463.40000,FC
N,DG-3792-83804,42,Leal S.A.,Rice-Sims,2024/08/15,1544,APU-15,2012,45000.00000,FE
light,UZ-4162-94235,50,Rice-Sims,Barnett-Stone,2017/11/29,1545,APU-15,2022,8135.60000,FE
1,WH-7387-18754,16,Valente S.A.,Villanueva-Flynn,2016-10-05,1546,APU-20,2022,9280.50000,FA
N,HA-4906-70206,43,Rice-Sims,Rice-Sims,"05/01/2022, 00:00:00",1547,APU-15,2022,7644.10000,FD
 H ,GJ-9995-74629,99,Franke AG,Klotz AG & Co. OHG,14 Mar 2024,1548,APU-12,2023,5476.60000,FB
1,WM-1443-83345,25,Roskoth,Borges,2019-03-27,1549,XC-7,2021,10621.50000,FE
2,TI-2850-00652,52,Carneiro S/A,Correia S/A,2016/05/18,1550,APU-12,2023,3641.70000,FD
H,XI-5583-64081,36,Brooks Group,Paiva e Filhos,2018/03/20,1551,APU-15,2020,,FE
med,YI-2205-54106,48,Cruz,Maia S/A,2019/03/22,1552,APU-12,2020,15958.50000,FB
med,QM-6724-43773,55,Tapia Group,Tapia Group,2018-12-07,1553,APU-12,2018,24056.10000,FB
L,VQ-2413-83335,76,Brooks Group,Coleman-Sanford,2023-01-01,1554,XC-7,2013,41010.50000,FD
 med ,MH-9472-38067,37,Borges,Correia S/A,06 Oct 2016,1555,APU-12,2023,4505.20000,FE
heavy,CR-4825-61972,92,Maxwell-Lewis,Valente S.A.,"05/12/2022, 00:00:00",1556,APU-20,2019,18428.70000,FA
2,TO-7304-52998,67,Rädel Aumann KGaA,Roskoth,2024-01-25,1557,APU-15,2022,9825.70000,FB
1,AT-2734-23617,32,Maia S/A,Junken AG & Co. OHG,2024-07-18,1558,APU-15,2021,13477.90000,FA
3,MI-8003-75744,117,Reis,Franke AG,11 Mar 2024,1559,XC-7,2023,5889.30000,FD
light,YN-0034-98663,6,Henson Group,Schmidt,"03/20/2019, 00:00:00",1560,APU-12,2012,43315.70000,FB
L,EO-7030-62834,4,Barnett-Stone,Rice-Sims,26 Aug 2020,1561,APU-20,2022,10232.70000,FB
heavy,JI-9185-95653,57,Rosenow GmbH & Co. KGaA,Rädel Aumann KGaA,2023/12/02,1562,APU-20,2015,33888.00000,FB
H,AH-4860-11865,84,Martins,Franke AG,2023-06-04,1563,XC-7,2022,9200.90000,FA
med,CO-1427-79687,81,Borges,Barnett-Stone,"06/24/2021, 00:00:00",1564,APU-15,2023,5892.80000,FC
1,IF-4401-50783,33,Lopes Correia e Filhos,Loureiro Vicente e Filhos,2016-06-07,1565,APU-12,2022,9156.20000,FC
1,GZ-2841-31020,14,Barnett-Stone,Martins,2023/03/24,1566,APU-12,2018,21541.90000,FB
 med ,ZI-8951-80715,59,Maia S/A,Rosenow GmbH & Co. KGaA,2017-06-19,1567,APU-20,2022,9606.70000,FD
1,PN-8772-11214,2,Hübel Ebert GmbH,Barnett-Stone,2015/01/16,1568,APU-15,2023,5794.70000,FC
normal,QE-6877-00247,77,Reis,Harris-Moore,2015-09-16,1569,APU-15,2023,,FC
2,MB-8317-06415,41,Martins,Rice-Sims,2015/03/30,1570,APU-15,2021,,FE
H,WX-4814-80931,97,Carlson-Spears,Barros,05 Aug 2022,1571,APU-12,2022,7554.10000,FD
1,WC-5890-03121,88,Junken AG & Co. OHG,Cardoso,2020/10/24,1572,XC-7,2020,16502.80000,FC
L,JV-5087-75455,27,Rice-Sims,Rice-Sims,2018-02-16,1573,APU-15,2019,20768.30000,FA
normal,WN-5506-58352,43,Junken AG & Co. OHG,Schmidt,2024/10/27,1574,XC-7,2022,7418.60000,FC
2,BY-9102-97291,77,Villanueva-Flynn,Brooks Group,2024-06-13,1575,APU-15,2022,7293.60000,FA
1,PM-5806-03936,24,Franke AG,Rosenow GmbH & Co. KGaA,2019-08-08,1576,APU-12,2018,22435.70000,FB
 normal ,TD-4106-86407,85,Maia S/A,Barnett-Stone,28 Jun 2021,1577,XC-7,2023,4041.90000,FD
2,EA-8065-44181,59,Carlson-Spears,"Nguyen, Freeman and Roy",2016-01-17,1578,APU-20,2023,6565.60000,FA
light,VC-7027-44315,4,Correia S/A,Lopes Correia e Filhos,17 Jun 2018,1579,APU-15,2022,10209.00000,FC
med,SA-5283-68107,47,Barros,Roskoth,"09/06/2020, 00:00:00",1580,APU-15,2023,6354.60000,FB
med,ZC-9635-19781,21,Loureiro Vicente e Filhos,Borges,"03/26/2016, 00:00:00",1581,APU-15,2021,13208.60000,FC
heavy,GT-2967-79234,105,Brooks Group,Carlson-Spears,"10/30/2019, 00:00:00",1582,APU-20,2021,13867.90000,FC
1,RI-2980-52939,83,Cardoso,Henson Group,2023/05/07,1583,APU-12,2023,5132.50000,FB
 L ,SY-8520-48306,10,Correia S/A,Correia S/A,"12/14/2023, 00:00:00",1584,XC-7,2020,14337.40000,FC
light,NT-4031-01275,21,Bähr,Franke AG,2015/11/07,1585,XC-7,2014,38368.40000,FB
L,XG-1815-20669,26,Machado Simões S/A,Tapia Group,2023-07-10,1586,APU-12,2021,11942.70000,FD
L,YY-5937-91750,15,Correia S/A,Moreira,"09/30/2024, 00:00:00",1587,APU-20,2018,22807.80000,FE
med,JT-3246-61322,61,Roskoth,Rosenow GmbH & Co. KGaA,2024/06/03,1588,APU-20,2021,11274.70000,FE
N,IF-5473-72281,119,Maxwell-Lewis,Leal S.A.,"08/11/2018, 00:00:00",1589,XC-7,2022,9842.30000,FD
L,XN-1523-55907,12,Carlson-Spears,Tapia Group,2017/09/05,1590,APU-20,2023,6640.30000,FD
L,NO-1199-77055,9,Paiva e Filhos,Loureiro Vicente e Filhos,10 Dec 2015,1591,APU-15,2017,27699.90000,FE
1,DG-3569-47888,25,Barnett-Stone,Henson Group,09 Nov 2016,1592,APU-12,2019,19564.50000,FB
L,ZS-7774-68845,32,Barnett-Stone,Maia S/A,31 Jan 2016,1593,APU-20,2019,19187.50000,FC
 L ,JS-0362-56939,114,Rice-Sims,Correia S/A,2020-01-20,1594,APU-20,2021,,FC
N,GP-5246-22265,40,Klotz AG & Co. OHG,Paiva e Filhos,2015/11/01,1595,XC-7,2022,8605.40000,FA
L,RB-1973-19972,9,Barros,Mälzer,"10/19/2023, 00:00:00",1596,XC-7,2023,6614.20000,FD
1,EV-2310-67775,8,Moreira,Cruz,14 Apr 2018,1597,XC-7,2020,14503.80000,FC
H,PJ-6908-15184,88,Bähr,Rosenow GmbH & Co. KGaA,2023/12/08,1598,APU-20,2017,25178.90000,FB
H,HP-8148-75970,91,Hübel Ebert GmbH,Rice-Sims,2018-05-15,1599,XC-7,2021,10754.80000,FB
 N ,NG-0667-68026,6,Machado Simões S/A,Henson Group,"03/20/2017, 00:00:00",1600,APU-20,2023,6495.40000,FB
3,RH-9704-24329,118,Tapia Group,Hübel Ebert GmbH,2019/08/25,1601,APU-15,2024,3311.20000,FD
heavy,WA-1799-58705,119,Leal S.A.,Cardoso,16 Jul 2021,1602,APU-12,2020,14298.10000,FC
med,TP-5752-23899,48,Moreira,Pinto,12 Sep 2016,1603,APU-20,2023,5537.90000,FE
1,TR-9774-25762,1,Moreira,Valente S.A.,2015-05-16,1604,APU-15,2019,19471.80000,FC
normal,FE-1586-33572,40,Brooks Group,Coleman-Sanford,"11/12/2019, 00:00:00",1605,APU-15,2023,5407.80000,FA
normal,RJ-1041-30462,103,Roskoth,Villanueva-Flynn,2022-12-25,1606,APU-20,2022,9582.00000,FA
light,EX-4947-14108,22,Klotz AG & Co. OHG,Cardoso,2015-06-13,1607,XC-7,2012,45000.00000,FE
L,PZ-0778-76376,35,Cruz,Moreira,"05/20/2017, 00:00:00",1608,XC-7,2015,,FB
med,IF-2083-13119,42,Henson Group,Dowerg,2021-10-29,1609,APU-20,2022,7554.90000,FC
1,UB-0340-08593,38,Machado Simões S/A,Villanueva-Flynn,31 Jan 2017,1610,APU-12,2021,,FA
3,TZ-3561-36384,115,Loureiro Vicente e Filhos,Paiva e Filhos,2019/06/29,1611,APU-12,2021,12317.80000,FC
 heavy ,PU-9635-41035,25,Martins,Dowerg,26 Aug 2019,1612,XC-7,2022,8672.60000,FE
H,HA-5283-59814,96,Paiva e Filhos,Tapia Group,2022/06/28,1613,XC-7,2022,8159.00000,FA
2,EK-9574-43663,68,Leal S.A.,Rice-Sims,2017-03-10,1614,XC-7,2022,,FC
 2 ,QG-1151-41192,43,Loureiro Vicente e Filhos,Cruz,"09/25/2023, 00:00:00",1615,XC-7,2020,14714.60000,FB
light,VP-0017-42865,28,Cruz,Correia S/A,24 Jul 2022,1616,APU-15,2021,12712.20000,FC
light,XU-5421-49108,19,Reis,Reis,18 Jan 2024,1617,APU-15,2020,15068.70000,FD
L,TJ-7983-95320,26,Junken AG & Co. OHG,Correia S/A,04 Jul 2016,1618,XC-7,2021,11454.60000,FD
2,WT-7529-30397,55,Tavares,Borges,2019/05/21,1619,XC-7,2023,3948.30000,FB
L,ZX-8530-26469,20,Carlson-Spears,Loureiro Vicente e Filhos,"11/15/2023, 00:00:00",1620,XC-7,2022,8426.30000,FA
L,KL-9331-40076,39,Villanueva-Flynn,Lopes Correia e Filhos,2022-05-05,1621,XC-7,2023,5375.50000,FD
1,XQ-7770-47079,16,Moreira,Leal S.A.,"01/22/2018, 00:00:00",1622,APU-15,2020,17205.90000,FA
N,TI-9414-65499,63,Hübel Ebert GmbH,Cruz,19 Oct 2020,1623,APU-15,2021,10604.00000,FA
1,TK-7019-62446,1,Tapia Group,Henson Group,2020/02/14,1624,XC-7,2023,6856.20000,FB
L,CL-4835-93838,45,Maxwell-Lewis,Valente S.A.,2022-10-25,1625,APU-20,2021,11983.00000,FC
light,JH-0519-80862,81,Barros,Loureiro Vicente e Filhos,2023/06/10,1626,APU-20,2019,19452.40000,FE
L,VD-0369-68958,18,Klotz AG & Co. OHG,Henson Group,09 Sep 2018,1627,APU-15,2021,13336.20000,FC
light,JS-9009-59360,72,Bähr,Carlson-Spears,"02/16/2022, 00:00:00",1628,APU-20,2023,,FB
L,RO-4596-05304,8,Maxwell-Lewis,Hübel Ebert GmbH,14 Feb 2017,1629,APU-15,2016,30662.90000,FB
heavy,IR-6247-50148,103,Martins,Roskoth,2022/06/28,1630,XC-7,2022,10287.90000,FD
3,UF-4982-43324,102,Coleman-Sanford,Dowerg,2018/10/31,1631,APU-20,2022,9294.70000,FE
3,FC-4500-66799,107,Villanueva-Flynn,Carlson-Spears,2015-05-02,1632,APU-20,2018,22371.60000,FB
1,ZG-3796-20645,40,Tavares,Valente S.A.,2018-11-09,1633,APU-12,2017,26148.70000,FD
heavy,CJ-1536-82109,97,Henson Group,"Nguyen, Freeman and Roy","10/28/2023, 00:00:00",1634,APU-12,2023,5138.60000,FD
3,OA-5112-37858,89,Villanueva-Flynn,Bähr,"01/11/2021, 00:00:00",1635,APU-15,2021,12341.50000,FB
med,QZ-2046-23573,118,Correia S/A,Henson Group,"01/19/2016, 00:00:00",1636,APU-15,2014,37651.10000,FC
normal,CL-5245-40176,50,Tavares,Moreira,2022-04-22,1637,APU-15,2023,4224.20000,FD
normal,LP-2020-90304,19,Klotz AG & Co. OHG,Klotz AG & Co. OHG,10 Jun 2017,1638,XC-7,2021,12041.90000,FA
med,WE-7905-13310,58,Carlson-Spears,Brooks Group,2024-01-24,1639,APU-20,2021,,FD
3,OZ-6429-70437,100,Barros,Cardoso,2024-10-14,1640,APU-12,2023,6636.40000,FC
L,AG-2285-28153,114,Barros,Coleman-Sanford,"03/01/2020, 00:00:00",1641,APU-12,2021,13065.20000,FC
1,EB-1071-13456,6,Lopes Correia e Filhos,Carlson-Spears,2022-12-22,1642,XC-7,2020,16018.80000,FD
3,QV-4858-58094,95,Carlson-Spears,Martins,2022-03-02,1643,APU-12,2021,13090.40000,FC
1,GM-5763-48781,32,Klotz AG & Co. OHG,Rosenow GmbH & Co. KGaA,2016/12/22,1644,APU-12,2019,20968.20000,FE
2,JS-6391-75524,49,Hübel Ebert GmbH,Barros,20 Jan 2018,1645,APU-20,2022,7802.00000,FB
1,LG-2575-21391,85,Roskoth,Barros,18 Aug 2018,1646,APU-12,2021,12629.10000,FB
normal,VU-8834-53480,44,Leal S.A.,Borges,2024/01/23,1647,XC-7,2023,6901.30000,FD
light,RM-5230-08994,8,Loureiro Vicente e Filhos,Lopes Correia e Filhos,2018-03-31,1648,APU-20,2021,12655.00000,FE
L,GZ-5210-93396,21,Harris-Moore,Valente S.A.,2017/02/01,1649,APU-12,2022,10325.80000,FE
1,OU-7861-42757,32,Barros,Rosenow GmbH & Co. KGaA,2019-05-17,1650,APU-20,2021,11840.60000,FA
normal,VO-1430-68509,53,Harris-Moore,Dowerg,2015/04/10,1651,APU-15,2023,5070.20000,FD
med,HZ-4320-36146,69,Bähr,Villanueva-Flynn,2022/07/10,1652,APU-20,2021,12469.00000,FE
light,UX-3114-21023,31,Leal S.A.,Bähr,2017-12-17,1653,APU-15,2023,5823.00000,FD
light,KF-7794-91426,10,Loureiro Vicente e Filhos,Schmidt,"02/17/2017, 00:00:00",1654,APU-15,2021,12578.70000,FE
N,LE-7887-68941,98,Maxwell-Lewis,Lopes Correia e Filhos,2016/02/25,1655,APU-15,2024,3163.10000,FC
1,BJ-4237-78318,16,Rosenow GmbH & Co. KGaA,Lopes Correia e Filhos,"05/13/2024, 00:00:00",1656,APU-20,2022,10409.00000,FA
H,ZA-0499-97557,43,Reis,Brooks Group,05 Apr 2021,1657,APU-20,2023,6237.90000,FE
heavy,EO-0595-58244,105,Reis,Martins,2023/11/03,1658,APU-15,2018,22880.80000,FE
L,TQ-7073-43023,45,Harris-Moore,Rosenow GmbH & Co. KGaA,2020/07/07,1659,APU-12,2021,12843.70000,FD
normal,IR-1212-57817,97,Rädel Aumann KGaA,Hübel Ebert GmbH,"09/22/2024, 00:00:00",1660,XC-7,2016,30919.10000,FB
1,FU-2888-73601,16,Correia S/A,Martins,2024/02/09,1661,APU-20,2022,8110.90000,FE
L,HU-6712-80760,39,Schmidt,Tapia Group,2018-06-03,1662,APU-20,2022,10204.70000,FA
2,QU-3365-01747,51,Dowerg,Lopes Correia e Filhos,12 Jan 2023,1663,APU-20,2021,11036.30000,FB
3,PS-9374-58735,105,Rice-Sims,Barnett-Stone,"09/29/2024, 00:00:00",1664,APU-12,2022,9394.20000,FA
L,SJ-7826-44492,6,Mälzer,Maia S/A,2024-02-04,1665,APU-15,2017,27094.70000,FA
med,BM-1431-29580,4,Barros,Rosenow GmbH & Co. KGaA,2017-02-08,1666,APU-12,2021,13140.60000,FE
normal,NJ-2473-39910,21,Carlson-Spears,Harris-Moore,"11/06/2021, 00:00:00",1667,APU-20,2022,7906.40000,FB
2,OE-7991-66472,30,Roskoth,Brooks Group,2020/07/12,1668,APU-15,2019,17828.70000,FA
N,YJ-3738-19841,74,Reis,Coleman-Sanford,"04/02/2016, 00:00:00",1669,APU-12,2022,8497.30000,FC
heavy,PX-8403-61923,72,Junken AG & Co. OHG,Tavares,"05/03/2018, 00:00:00",1670,APU-20,2023,5361.30000,FB
 normal ,CE-7293-37827,48,Bähr,Dowerg,2016/09/05,1671,APU-12,2022,9984.40000,FC
1,ZR-1160-10983,34,Klotz AG & Co. OHG,"Nguyen, Freeman and Roy",22 Mar 2017,1672,APU-12,2018,23705.10000,FA
med,CN-5931-91429,53,Carlson-Spears,Villanueva-Flynn,2022-10-31,1673,XC-7,2020,14344.90000,FC
med,JW-7594-68564,72,Pinto,Tavares,2020/08/01,1674,APU-15,2023,4740.30000,FB
3,OS-9591-75845,95,Junken AG & Co. OHG,Cruz,2021-07-01,1675,APU-12,2019,19327.50000,FC
N,NO-4279-17967,78,Moreira,Brooks Group,"09/11/2022, 00:00:00",1676,APU-20,2023,5919.60000,FC
med,YU-5171-04997,63,"Nguyen, Freeman and Roy",Schmidt,"10/01/2018, 00:00:00",1677,APU-12,2020,14306.20000,FE
L,WA-8758-44155,38,Valente S.A.,Paiva e Filhos,2021-04-13,1678,XC-7,2023,,FE
2,HH-9363-64838,44,Moreira,Reis,2019-12-11,1679,APU-20,2022,7539.20000,FA
 light ,IQ-1978-63958,48,Coleman-Sanford,Borges,27 Nov 2021,1680,APU-20,2022,9088.70000,FD
N,KO-7930-75677,52,Franke AG,Maia S/A,2024/04/29,1681,APU-15,2021,11547.80000,FC
 light ,ML-1372-07225,45,Carlson-Spears,Paiva e Filhos,2024/05/13,1682,APU-12,2021,10961.30000,FD
1,RC-6303-46090,73,Dowerg,Schmidt,2019-11-13,1683,APU-15,2021,12045.60000,FC
light,AQ-6077-89597,22,Pinto,Borges,2021-11-06,1684,XC-7,2019,20396.70000,FB
3,TS-3996-96316,97,Hübel Ebert GmbH,Carneiro S/A,2021/04/02,1685,APU-20,2023,6255.00000,FD
med,TS-8339-44461,68,Bähr,Paiva e Filhos,2021/08/16,1686,APU-12,2022,8365.40000,FC
2,CH-6371-32578,61,Machado Simões S/A,Junken AG & Co. OHG,2021/06/07,1687,APU-12,2021,11587.10000,FD
normal,TV-1728-13846,42,Dowerg,Villanueva-Flynn,05 Feb 2021,1688,APU-12,2021,11620.30000,FA
3,XG-1734-75217,105,Rice-Sims,"Nguyen, Freeman and Roy","11/15/2024, 00:00:00",1689,APU-20,2020,14276.30000,FC
L,XN-8339-68591,14,Maia S/A,Mälzer,18 May 2024,1690,XC-7,2020,16023.80000,FA
L,JY-5339-89974,36,Rice-Sims,Pinto,16 May 2023,1691,APU-12,2020,17456.30000,FB
1,NV-3726-26175,14,Dowerg,Paiva e Filhos,04 Dec 2018,1692,XC-7,2019,17610.60000,FA
 L ,IT-5906-19543,52,Borges,Cardoso,"03/06/2024, 00:00:00",1693,APU-20,2021,10886.80000,FB
 N ,ZY-2007-67113,17,Tapia Group,Lopes Correia e Filhos,2024/06/07,1694,APU-20,2023,4097.40000,FD
3,BF-3954-74425,89,Cruz,Rice-Sims,2016-04-12,1695,APU-20,2022,9373.30000,FB
heavy,MW-7854-54005,82,Harris-Moore,Paiva e Filhos,29 May 2021,1696,XC-7,2022,9238.00000,FE
2,NZ-4774-24201,68,Franke AG,Paiva e Filhos,2023-12-17,1697,APU-12,2012,44480.50000,FE
heavy,XY-2581-32266,102,Correia S/A,Klotz AG & Co. OHG,2020-11-12,1698,XC-7,2023,6315.10000,FE
 med ,LO-2952-85615,24,Tavares,Pinto,"10/04/2023, 00:00:00",1699,APU-20,2019,18857.20000,FB
heavy,PC-7280-73919,88,Villanueva-Flynn,Mälzer,"05/23/2016, 00:00:00",1700,APU-15,2020,15821.90000,FE
heavy,WV-3684-30909,118,Borges,Cruz,2015-10-02,1701,APU-12,2018,22452.30000,FD
L,PF-8714-26032,2,Dowerg,Coleman-Sanford,"08/28/2023, 00:00:00",1702,APU-20,2020,14595.30000,FE
L,AH-6745-51415,24,Cardoso,Barnett-Stone,2022/09/14,1703,APU-15,2023,6173.10000,FB
light,GM-5579-11060,25,Schmidt,Martins,2017-02-06,1704,APU-20,2020,14660.30000,FB
 heavy ,GH-9317-82178,92,Tapia Group,Dowerg,2019-01-24,1705,APU-20,2023,3907.60000,FB
 1 ,IR-9357-65423,19,Lopes Correia e Filhos,Klotz AG & Co. OHG,2022/12/07,1706,APU-15,2022,9338.50000,FD
H,HA-1974-19405,108,Mälzer,Franke AG,2015/09/18,1707,APU-20,2012,45000.00000,FA
L,UA-4123-60975,19,Henson Group,Rädel Aumann KGaA,2015/10/09,1708,APU-15,2023,3648.30000,FB
L,WP-0584-01836,30,Maia S/A,Mälzer,06 Aug 2023,1709,APU-15,2019,20123.30000,FB
H,WL-5845-56422,76,Loureiro Vicente e Filhos,Junken AG & Co. OHG,12 Mar 2016,1710,APU-20,2022,9659.70000,FC
normal,FJ-5859-92986,43,Carlson-Spears,Klotz AG & Co. OHG,13 Jan 2020,1711,APU-12,2021,12073.20000,FB
L,KK-7645-09772,23,Villanueva-Flynn,Dowerg,2023/09/02,1712,XC-7,2022,7899.80000,FB
L,ST-9711-47754,3,Barnett-Stone,Barnett-Stone,28 Jan 2021,1713,APU-20,2019,19311.50000,FC
3,TA-2671-59247,118,Hübel Ebert GmbH,Rosenow GmbH & Co. KGaA,"11/30/2024, 00:00:00",1714,APU-12,2022,7337.80000,FB
1,HO-2493-00873,32,Bähr,Mälzer,"04/30/2020, 00:00:00",1715,XC-7,2020,15231.70000,FA
normal,GL-8657-77659,66,Mälzer,Reis,2017-07-25,1716,APU-20,2018,21830.90000,FB
 light ,BH-0243-20728,111,Rädel Aumann KGaA,Paiva e Filhos,2020-09-27,1717,XC-7,2023,6405.50000,FE
 H ,QG-0216-08406,103,Tavares,Rice-Sims,2020/06/08,1718,XC-7,2021,13865.00000,FD
1,EL-4433-29065,17,Harris-Moore,Bähr,"08/31/2022, 00:00:00",1719,APU-15,2020,15389.70000,FD
N,AT-7798-53229,40,Maia S/A,Villanueva-Flynn,01 Oct 2015,1720,APU-15,2020,17037.70000,FB
N,CH-9792-60381,63,Rädel Aumann KGaA,Rice-Sims,2018-08-01,1721,APU-20,2019,20655.40000,FC
N,CU-9029-94864,79,Mälzer,Roskoth,2019-11-22,1722,XC-7,2022,9838.50000,FA
H,SE-7590-72555,21,Carneiro S/A,Reis,2020-12-27,1723,APU-15,2021,11476.50000,FD
L,UP-1368-26225,33,Dowerg,Brooks Group,26 Jul 2019,1724,APU-15,2022,8312.30000,FD
 light ,DG-3043-21983,21,Tavares,Roskoth,"10/15/2019, 00:00:00",1725,APU-12,2021,12284.50000,FC
med,ZG-5061-43652,79,Borges,Reis,2016-11-24,1726,APU-12,2019,19719.20000,FE
N,EZ-6131-12341,62,Barnett-Stone,Maxwell-Lewis,"10/07/2017, 00:00:00",1727,APU-12,2022,7598.70000,FA
L,VJ-4072-69067,34,Bähr,Leal S.A.,2016-03-17,1728,APU-12,2018,24100.00000,FD
3,AM-8541-81606,91,Rädel Aumann KGaA,Valente S.A.,19 May 2015,1729,APU-20,2019,18071.00000,FB
H,UI-1590-17402,85,Rice-Sims,Villanueva-Flynn,2016-10-16,1730,APU-20,2022,10377.40000,FE
light,TQ-6794-01917,29,Cruz,Tapia Group,2015-05-29,1731,XC-7,2022,8840.20000,FA
H,UJ-8469-26675,93,Schmidt,Machado Simões S/A,2022-07-28,1732,APU-12,2022,10189.30000,FB
3,QA-6063-05693,32,Schmidt,Carlson-Spears,2019-06-14,1733,APU-15,2019,19932.80000,FC
N,AL-4145-27751,68,Rice-Sims,Cruz,2021-02-02,1734,XC-7,2020,15462.40000,FB
 1 ,UZ-7591-78115,86,Tapia Group,Henson Group,"04/12/2021, 00:00:00",1735,APU-15,2021,13423.30000,FA
3,XR-7536-38180,114,Barnett-Stone,Brooks Group,24 May 2016,1736,APU-15,2023,4334.90000,FC
light,DO-2189-55952,16,Rädel Aumann KGaA,Dowerg,2015/01/24,1737,APU-20,2022,10048.50000,FA
normal,AL-1725-55360,50,Hübel Ebert GmbH,Barnett-Stone,"06/13/2022, 00:00:00",1738,APU-12,2021,10607.00000,FE
1,IR-6603-97043,8,Dowerg,Coleman-Sanford,"10/09/2019, 00:00:00",1739,APU-15,2022,7255.10000,FC
med,FS-0161-21401,75,Tavares,Martins,"11/21/2018, 00:00:00",1740,APU-15,2022,8590.50000,FD
1,UK-2332-37914,23,Klotz AG & Co. OHG,Roskoth,"03/16/2020, 00:00:00",1741,APU-20,2021,13815.30000,FD
heavy,TF-1477-95733,15,Machado Simões S/A,Roskoth,2017/10/03,1742,APU-12,2019,19004.30000,FD
L,XS-2724-26600,32,Harris-Moore,Hübel Ebert GmbH,"12/17/2017, 00:00:00",1743,XC-7,2021,12553.90000,FD
 L ,YB-4765-52301,34,Rosenow GmbH & Co. KGaA,Leal S.A.,2024-12-07,1744,APU-20,2021,11649.60000,FA
1,EB-5252-50018,33,Rosenow GmbH & Co. KGaA,Schmidt,2020-03-02,1745,XC-7,2021,13074.40000,FD
1,GO-9235-52505,28,"Nguyen, Freeman and Roy",Loureiro Vicente e Filhos,"05/19/2021, 00:00:00",1746,APU-20,2021,11839.40000,FD
heavy,GO-1844-96090,113,Harris-Moore,Lopes Correia e Filhos,"04/05/2024, 00:00:00",1747,APU-12,2020,17285.90000,FA
N,XH-1408-54801,64,Pinto,Martins,23 May 2019,1748,APU-12,2022,8877.50000,FD
light,XX-0933-44631,39,Coleman-Sanford,Roskoth,2017/07/22,1749,APU-20,2020,15523.30000,FA
med,AY-0368-56987,52,Reis,Borges,14 Jul 2016,1750,APU-15,2022,8724.30000,FE
med,ZL-1400-23989,56,Junken AG & Co. OHG,Cardoso,2016-08-25,1751,APU-15,2021,13297.60000,FD
2,GF-4859-55996,56,Schmidt,Bähr,2022/08/05,1752,APU-12,2022,8402.90000,FA
 light ,IE-6242-84813,34,Maxwell-Lewis,Borges,2016-12-23,1753,APU-12,2020,,FD
N,NB-7465-70463,69,Junken AG & Co. OHG,Bähr,2024-01-28,1754,APU-20,2023,6513.60000,FE
H,AF-1436-54140,38,Junken AG & Co. OHG,Carneiro S/A,2024-07-18,1755,XC-7,2021,13587.00000,FE
L,LG-4505-71798,7,Lopes Correia e Filhos,Franke AG,"07/22/2020, 00:00:00",1756,APU-15,2023,3543.40000,FB
2,JI-7730-59160,62,Roskoth,Carneiro S/A,2017/12/29,1757,APU-20,2023,4119.30000,FD
N,EI-6127-87569,57,"Nguyen, Freeman and Roy",Cruz,2021-06-22,1758,APU-12,2021,10623.80000,FB
 normal ,GU-2443-57841,63,Moreira,Pinto,2015/11/06,1759,XC-7,2019,20436.80000,FA
med,AX-5832-28484,57,Rädel Aumann KGaA,Bähr,2022/06/11,1760,APU-20,2015,31744.10000,FB
normal,PG-0464-68983,60,Hübel Ebert GmbH,Maia S/A,2022/08/22,1761,APU-20,2017,,FB
1,OY-3891-36952,1,Cardoso,Correia S/A,"07/27/2024, 00:00:00",1762,APU-15,2022,8919.70000,FA
light,HV-9518-33065,33,Carneiro S/A,Tapia Group,2022-02-28,1763,APU-12,2017,26819.70000,FB
 med ,CN-3467-22793,59,Brooks Group,"Nguyen, Freeman and Roy","04/28/2017, 00:00:00",1764,APU-15,2021,13940.50000,FD
L,IP-0277-63822,118,Klotz AG & Co. OHG,Moreira,14 Aug 2018,1765,APU-12,2019,19638.30000,FA
H,OT-5058-54844,43,Carneiro S/A,Moreira,2015-07-29,1766,APU-15,2021,11533.10000,FD
2,UM-5464-46082,77,Hübel Ebert GmbH,Tapia Group,2019/01/02,1767,APU-12,2022,9480.20000,FC
H,NS-0518-40625,83,Pinto,Reis,"10/21/2024, 00:00:00",1768,XC-7,2019,20690.80000,FD
N,GZ-2274-50032,61,Dowerg,Rädel Aumann KGaA,2015-04-15,1769,APU-15,2020,16601.90000,FC
N,IW-2199-02791,40,Junken AG & Co. OHG,Cruz,2018-01-24,1770,APU-12,2022,9310.20000,FE
2,HP-9746-19208,49,Tavares,Klotz AG & Co. OHG,22 Mar 2024,1771,APU-20,2021,11811.80000,FC
heavy,TO-6232-18436,81,Carlson-Spears,"Nguyen, Freeman and Roy",23 Apr 2024,1772,APU-12,2018,23098.20000,FC
 heavy ,JL-6417-78168,100,Coleman-Sanford,Borges,2023/04/19,1773,APU-15,2022,8942.90000,FE
1,LY-1724-12083,28,Brooks Group,Cruz,"06/01/2022, 00:00:00",1774,XC-7,2023,4404.60000,FA
L,CD-5557-20133,13,Franke AG,Henson Group,"10/31/2022, 00:00:00",1775,APU-12,2020,14065.50000,FA
2,JG-0714-17816,64,Tapia Group,Rädel Aumann KGaA,2015/12/31,1776,APU-12,2018,23526.80000,FC
med,SE-8111-09149,60,Tapia Group,Maxwell-Lewis,18 Jan 2019,1777,APU-12,2020,17149.30000,FA
light,GK-7626-56095,104,Martins,Junken AG & Co. OHG,"05/13/2015, 00:00:00",1778,XC-7,2022,7956.60000,FB
 N ,QX-7906-55557,73,Brooks Group,Henson Group,06 Apr 2017,1779,XC-7,2018,23232.90000,FE
 L ,IJ-6020-18853,115,Junken AG & Co. OHG,Villanueva-Flynn,2024-10-11,1780,XC-7,2021,10526.10000,FD
med,VE-9083-29330,42,Rice-Sims,"Nguyen, Freeman and Roy",15 Nov 2024,1781,APU-15,2018,22076.20000,FE
 normal ,BZ-2156-57976,26,Tapia Group,Dowerg,2022/08/11,1782,APU-20,2023,5559.40000,FD
light,OS-9767-01861,44,Valente S.A.,Rice-Sims,2022-11-30,1783,XC-7,2018,23783.30000,FC
normal,YM-0676-32118,45,Hübel Ebert GmbH,Villanueva-Flynn,15 Sep 2020,1784,APU-20,2020,15527.40000,FE
 L ,MV-0766-19422,19,Bähr,Machado Simões S/A,"03/19/2015, 00:00:00",1785,XC-7,2020,14971.00000,FB
L,EH-4510-59319,10,Tapia Group,Paiva e Filhos,19 Mar 2019,1786,APU-20,2020,14156.10000,FB
2,DX-7421-10421,45,Barros,Carneiro S/A,22 Jun 2023,1787,APU-20,2020,14321.30000,FE
light,XD-4280-94294,117,Lopes Correia e Filhos,Lopes Correia e Filhos,"03/09/2024, 00:00:00",1788,XC-7,2021,10629.00000,FC
light,IM-2829-53592,61,Mälzer,Leal S.A.,2015/11/12,1789,APU-20,2015,34527.40000,FE
2,DI-7207-49064,13,Tavares,Bähr,30 Jan 2024,1790,APU-15,2019,20122.80000,FA
heavy,IB-8444-79211,118,Moreira,Schmidt,2021/11/03,1791,APU-20,2022,9212.90000,FA
light,MI-7728-76002,21,Lopes Correia e Filhos,Leal S.A.,"05/26/2024, 00:00:00",1792,XC-7,2023,5822.00000,FC
med,HF-8555-53068,76,Loureiro Vicente e Filhos,Junken AG & Co. OHG,"07/08/2023, 00:00:00",1793,APU-15,2019,20632.50000,FD
L,OM-3820-30251,39,Reis,Mälzer,2020/08/14,1794,APU-15,2021,12784.60000,FA
2,SS-6220-86700,59,Tapia Group,Borges,27 Mar 2018,1795,XC-7,2021,12183.30000,FD
L,GD-1740-08272,77,Mälzer,Rice-Sims,05 Jul 2024,1796,APU-20,2023,6343.80000,FA
2,NE-1735-69070,43,Paiva e Filhos,Paiva e Filhos,2015-02-25,1797,APU-12,2021,10856.90000,FA
light,YX-5693-56516,3,Valente S.A.,Martins,15 Jan 2023,1798,XC-7,2018,22675.10000,FB
L,IC-0514-86561,103,Barros,Martins,2015/08/12,1799,APU-12,2021,10671.30000,FC
heavy,YD-6695-89468,113,Junken AG & Co. OHG,Hübel Ebert GmbH,2019/08/19,1800,APU-12,2022,9530.20000,FD
med,VO-5645-99243,6,Maia S/A,Leal S.A.,08 Jul 2017,1801,APU-12,2021,13773.40000,FC
N,PD-1371-83522,74,Barros,Henson Group,"02/16/2022, 00:00:00",1802,XC-7,2017,26403.10000,FA
1,UY-5495-60263,17,Junken AG & Co. OHG,Barnett-Stone,01 Aug 2016,1803,APU-20,2021,12113.90000,FB
normal,GK-3183-67413,62,Carlson-Spears,Schmidt,2023-03-28,1804,APU-12,2013,41621.50000,FE
med,XR-6461-34001,55,Correia S/A,Pinto,2023/02/13,1805,APU-12,2020,15801.90000,FD
med,PM-3754-22827,112,Reis,Reis,2018/04/27,1806,XC-7,2022,7228.50000,FB
3,AU-0015-79694,87,Martins,Carlson-Spears,20 May 2022,1807,APU-12,2020,16319.00000,FD
normal,YM-2766-37607,84,Barnett-Stone,Henson Group,2022-11-06,1808,APU-12,2022,9081.00000,FE
L,EN-9863-77801,17,Maxwell-Lewis,Junken AG & Co. OHG,2017-06-05,1809,APU-15,2021,12368.20000,FE
heavy,HM-2893-00266,95,Klotz AG & Co. OHG,Villanueva-Flynn,"04/08/2015, 00:00:00",1810,XC-7,2012,45000.00000,FB
heavy,PZ-8016-07020,113,Paiva e Filhos,Carneiro S/A,22 May 2022,1811,XC-7,2020,17074.50000,FD
light,JW-0493-51351,104,Dowerg,Dowerg,08 Dec 2023,1812,XC-7,2022,8021.60000,FA
2,GT-2081-29277,76,Moreira,Maia S/A,"01/03/2015, 00:00:00",1813,APU-12,2021,,FD
med,OK-7008-01275,60,Hübel Ebert GmbH,Carlson-Spears,2022-08-09,1814,APU-12,2021,10956.40000,FD
1,QZ-7928-61067,11,Tapia Group,Maia S/A,2018/12/07,1815,APU-20,2019,20519.80000,FD
N,HG-9640-62215,75,Coleman-Sanford,Machado Simões S/A,"05/20/2021, 00:00:00",1816,APU-15,2022,10008.40000,FB
1,SR-4658-97709,29,Cruz,Mälzer,2023/05/25,1817,APU-20,2023,6660.30000,FE
heavy,ON-7743-23771,107,Harris-Moore,Roskoth,2024/06/15,1818,APU-12,2019,17654.50000,FA
2,IA-7304-68388,53,Lopes Correia e Filhos,Carlson-Spears,"10/24/2024, 00:00:00",1819,APU-15,2022,10482.10000,FB
light,CX-7697-14893,61,Leal S.A.,Hübel Ebert GmbH,2018/07/19,1820,APU-15,2023,5354.90000,FB
normal,WY-0539-65087,23,Maxwell-Lewis,"Nguyen, Freeman and Roy",2017/06/21,1821,XC-7,2017,25623.60000,FD
 light ,HL-6337-46342,38,Rädel Aumann KGaA,Valente S.A.,22 Feb 2024,1822,XC-7,2023,3610.50000,FB
L,ZE-9630-49184,80,Cruz,Cruz,"11/15/2018, 00:00:00",1823,APU-15,2012,45000.00000,FC
3,AT-6570-53978,119,Junken AG & Co. OHG,Roskoth,2015/07/23,1824,APU-20,2022,9687.00000,FB
1,JL-8148-01893,12,Lopes Correia e Filhos,Coleman-Sanford,11 Sep 2019,1825,APU-20,2021,13556.70000,FD
 light ,TE-1843-88917,26,Machado Simões S/A,Barnett-Stone,2021/11/15,1826,APU-20,2022,8930.30000,FE
heavy,RH-3462-42289,111,Brooks Group,Tapia Group,"11/25/2020, 00:00:00",1827,APU-15,2018,21085.30000,FB
1,WV-9758-57339,23,Pinto,Carlson-Spears,"04/24/2018, 00:00:00",1828,XC-7,2022,9218.70000,FC
normal,GJ-9250-75464,74,Rädel Aumann KGaA,Carlson-Spears,2022-06-18,1829,APU-12,2023,5854.90000,FE
3,XK-7694-78475,30,Rosenow GmbH & Co. KGaA,Leal S.A.,2022/01/05,1830,APU-12,2022,7564.00000,FE
H,HF-4174-66972,92,Klotz AG & Co. OHG,Lopes Correia e Filhos,2018/06/15,1831,APU-12,2023,4827.70000,FC
1,YB-4279-85869,5,Mälzer,Rosenow GmbH & Co. KGaA,2020-04-24,1832,APU-15,2014,35559.40000,FA
N,XF-7886-50286,71,Barnett-Stone,Barros,06 Feb 2023,1833,XC-7,2016,30551.20000,FB
L,SU-5993-99334,51,Lopes Correia e Filhos,Rädel Aumann KGaA,2019/08/09,1834,APU-12,2022,9480.40000,FC
1,VW-0205-45404,19,Loureiro Vicente e Filhos,Tavares,2019/03/27,1835,APU-20,2020,15983.20000,FB
 L ,TK-3568-54094,112,Mälzer,Moreira,"01/15/2023, 00:00:00",1836,APU-12,2023,6858.50000,FB
L,UN-4600-93391,31,Cruz,Borges,2021-08-31,1837,APU-12,2020,,FA
L,JV-4511-68594,12,Paiva e Filhos,Barnett-Stone,"08/05/2019, 00:00:00",1838,XC-7,2021,13545.10000,FC
2,RL-7978-23570,66,Maia S/A,Henson Group,2020/08/16,1839,APU-20,2014,37584.80000,FC
3,ZO-4289-47236,86,Borges,Valente S.A.,2015/03/17,1840,XC-7,2024,2349.50000,FD
L,AO-8951-05522,0,Bähr,Brooks Group,17 Aug 2015,1841,APU-15,2022,9074.40000,FB
med,QX-1176-55682,76,Valente S.A.,Maxwell-Lewis,27 Nov 2015,1842,APU-15,2020,14672.20000,FC
2,HS-7927-95702,70,Rädel Aumann KGaA,Klotz AG & Co. OHG,"11/13/2017, 00:00:00",1843,APU-15,2023,6609.00000,FB
N,WZ-2331-48451,42,Rosenow GmbH & Co. KGaA,Brooks Group,2023-10-12,1844,XC-7,2022,10112.10000,FB
1,GK-5522-57435,10,Dowerg,Valente S.A.,"05/19/2019, 00:00:00",1845,APU-20,2019,,FB
light,NK-0245-70333,25,Pinto,Maxwell-Lewis,2019-12-09,1846,APU-20,2023,4331.60000,FC
L,DG-7084-09441,4,Junken AG & Co. OHG,Loureiro Vicente e Filhos,2024-12-11,1847,XC-7,2021,12946.30000,FE
normal,UN-7255-44397,65,Tavares,Borges,2018-03-26,1848,XC-7,2023,5079.30000,FD
1,KY-6482-79286,99,Hübel Ebert GmbH,Leal S.A.,31 May 2016,1849,APU-12,2022,7448.60000,FE
light,YX-9877-77028,9,Rosenow GmbH & Co. KGaA,Machado Simões S/A,2023-09-03,1850,XC-7,2022,9083.60000,FC
L,BV-6778-70440,6,Moreira,Cruz,2023-03-20,1851,APU-12,2023,5505.70000,FC
H,KY-0731-48693,119,Maia S/A,Paiva e Filhos,"03/13/2023, 00:00:00",1852,APU-15,2019,19200.50000,FD
 med ,KX-1427-88423,71,Harris-Moore,Loureiro Vicente e Filhos,"01/17/2015, 00:00:00",1853,APU-12,2016,28257.50000,FC
normal,TW-2909-49920,42,Maxwell-Lewis,Junken AG & Co. OHG,2024/08/04,1854,APU-20,2022,7015.00000,FB
normal,VT-6541-51771,60,Martins,Maia S/A,2020-03-23,1855,APU-20,2022,8068.20000,FE
 L ,HH-4464-23628,13,Schmidt,Loureiro Vicente e Filhos,2021/12/30,1856,APU-12,2021,11795.60000,FE
N,II-2286-23472,45,Bähr,Carneiro S/A,2019/04/06,1857,APU-12,2021,10639.80000,FE
 H ,KO-5126-08803,106,Loureiro Vicente e Filhos,Machado Simões S/A,2016-04-04,1858,APU-15,2014,36355.30000,FD
1,MC-1585-96783,50,Tapia Group,Rädel Aumann KGaA,2023-03-30,1859,APU-15,2020,14189.80000,FA
N,RZ-8754-33152,64,Machado Simões S/A,Villanueva-Flynn,"12/18/2015, 00:00:00",1860,APU-12,2023,3525.40000,FE
1,CI-4341-05463,17,Reis,Dowerg,15 Jul 2020,1861,APU-20,2022,7234.70000,FD
L,SD-6869-80977,100,Hübel Ebert GmbH,Paiva e Filhos,2020-10-19,1862,APU-12,2012,45000.00000,FB
L,BW-3721-80205,24,Rosenow GmbH & Co. KGaA,Pinto,2016-09-18,1863,APU-12,2022,10172.80000,FE
light,FX-9192-41500,103,Maxwell-Lewis,Barnett-Stone,2022-09-16,1864,XC-7,2019,19612.20000,FE
normal,SM-9350-53376,77,Maxwell-Lewis,Tapia Group,09 Dec 2018,1865,APU-20,2018,21384.80000,FC
1,XZ-7585-50321,32,Roskoth,Maia S/A,2016/01/29,1866,APU-15,2021,12679.20000,FD
med,NR-1624-51917,65,Cardoso,Mälzer,26 Feb 2019,1867,APU-15,2021,10801.00000,FA
normal,IE-7327-40775,5,Villanueva-Flynn,Henson Group,2020/05/17,1868,APU-15,2018,21250.10000,FD
L,KN-2255-70108,16,Villanueva-Flynn,Moreira,"10/08/2021, 00:00:00",1869,XC-7,2023,6811.50000,FE
1,RY-9057-14975,21,Maxwell-Lewis,Lopes Correia e Filhos,2023/07/20,1870,APU-20,2019,17914.70000,FE
L,RY-8831-78124,2,Loureiro Vicente e Filhos,Brooks Group,2018/04/10,1871,APU-12,2019,19207.30000,FA
L,LV-3842-79693,35,Bähr,Loureiro Vicente e Filhos,2016/12/30,1872,XC-7,2022,9076.90000,FA
 med ,EW-5450-75654,52,"Nguyen, Freeman and Roy",Barnett-Stone,2018/02/16,1873,APU-20,2021,13088.30000,FC
H,SS-3138-38025,105,Carlson-Spears,Barros,2016-11-20,1874,APU-12,2016,30661.60000,FB
N,LQ-1161-65670,47,Valente S.A.,Martins,12 Mar 2023,1875,APU-20,2021,10918.70000,FD
2,BW-4410-38771,45,Rosenow GmbH & Co. KGaA,Loureiro Vicente e Filhos,19 Jun 2024,1876,XC-7,2017,27758.40000,FA
light,AL-1367-32590,32,Lopes Correia e Filhos,Schmidt,2021/04/24,1877,APU-20,2023,4840.30000,FC
med,IH-4294-17360,62,Dowerg,Carneiro S/A,2023-08-24,1878,APU-15,2021,12368.20000,FD
 1 ,TQ-9784-41582,33,Cardoso,Rädel Aumann KGaA,08 May 2016,1879,APU-15,2019,19977.20000,FD
light,SV-2565-84116,36,Valente S.A.,Junken AG & Co. OHG,09 Nov 2020,1880,XC-7,2012,45000.00000,FB
2,RI-4335-01098,69,Junken AG & Co. OHG,Pinto,2023-11-23,1881,APU-15,2024,2618.60000,FC
H,ZZ-3762-47959,83,Harris-Moore,Bähr,"11/16/2023, 00:00:00",1882,APU-20,2019,19952.30000,FE
H,OI-5825-45136,110,Lopes Correia e Filhos,Martins,07 Jun 2018,1883,APU-12,2022,7840.50000,FA
L,PT-9289-46951,13,Junken AG & Co. OHG,Borges,"11/17/2024, 00:00:00",1884,APU-20,2021,13073.40000,FE
N,RW-1258-72202,44,Hübel Ebert GmbH,Machado Simões S/A,2021/12/01,1885,APU-15,2022,10004.90000,FE
med,IT-1361-38793,61,Maia S/A,Reis,2021-02-20,1886,APU-12,2020,15775.10000,FE
heavy,XQ-4403-46947,92,"Nguyen, Freeman and Roy",Carlson-Spears,2021-04-26,1887,XC-7,2021,10801.80000,FE
heavy,XR-2384-89435,98,Rosenow GmbH & Co. KGaA,Henson Group,"01/23/2017, 00:00:00",1888,XC-7,2022,8157.20000,FD
light,EU-4346-55959,36,Hübel Ebert GmbH,Harris-Moore,"11/17/2023, 00:00:00",1889,XC-7,2020,15534.40000,FB
L,EX-2530-63008,4,Henson Group,Machado Simões S/A,2016-02-17,1890,APU-15,2022,8991.50000,FE
 1 ,PC-8339-02018,16,Villanueva-Flynn,Rädel Aumann KGaA,2015-09-28,1891,APU-15,2022,8429.70000,FC
H,MD-7033-88659,96,Harris-Moore,Moreira,2016/03/26,1892,APU-12,2022,8532.30000,FA
N,JM-7386-39941,58,Rädel Aumann KGaA,Pinto,2017-08-02,1893,XC-7,2020,14805.20000,FA
N,DX-0329-91565,51,Cruz,Junken AG & Co. OHG,2022/09/30,1894,APU-15,2023,6506.00000,FA
normal,CW-7360-37279,61,Tapia Group,Tavares,2022-12-30,1895,APU-15,2021,12204.80000,FB
L,UM-5252-09000,17,Villanueva-Flynn,Tapia Group,2022-02-24,1896,APU-12,2019,20521.20000,FD
med,EW-6726-60558,46,Cruz,Dowerg,2018-02-01,1897,APU-12,2022,8844.30000,FD
3,XZ-7655-56290,117,Hübel Ebert GmbH,Coleman-Sanford,2016/03/28,1898,XC-7,2019,20433.80000,FB
med,SG-7491-71611,67,Leal S.A.,Tavares,22 Jan 2019,1899,APU-20,2021,10692.60000,FD
2,WU-4268-13007,49,Valente S.A.,Barros,09 Jan 2022,1900,APU-12,2022,9994.30000,FA
normal,TJ-9017-94948,70,Carneiro S/A,Rice-Sims,2015/03/21,1901,APU-12,2017,26231.00000,FC
heavy,OI-2335-42617,100,Loureiro Vicente e Filhos,Valente S.A.,2017-08-03,1902,APU-15,2023,5210.10000,FD
H,EU-4105-90992,92,Valente S.A.,"Nguyen, Freeman and Roy",2024/12/20,1903,APU-12,2019,17588.90000,FD
N,AV-2844-08939,51,Valente S.A.,Harris-Moore,"07/19/2020, 00:00:00",1904,XC-7,2019,17648.60000,FC
light,WB-3325-36242,22,Pinto,Tapia Group,2016-08-07,1905,APU-15,2018,23999.50000,FE
L,GO-8722-87097,33,Brooks Group,Leal S.A.,09 Dec 2016,1906,APU-20,2021,13130.10000,FE
H,VC-6532-91382,113,Maia S/A,Brooks Group,25 Mar 2024,1907,APU-20,2022,10059.40000,FC
H,LC-2482-43524,109,Junken AG & Co. OHG,Barnett-Stone,2016/09/30,1908,XC-7,2019,18455.60000,FB
2,LS-2147-59500,75,Tavares,Barnett-Stone,2015-12-31,1909,APU-15,2021,13568.50000,FE
H,HZ-0252-53554,119,Carneiro S/A,Bähr,"07/31/2015, 00:00:00",1910,XC-7,2021,12958.20000,FC
2,IN-1822-95546,89,Correia S/A,Henson Group,"08/16/2020, 00:00:00",1911,APU-20,2017,27066.50000,FD
light,YV-6307-69569,3,Coleman-Sanford,Harris-Moore,2021/02/20,1912,XC-7,2022,10325.40000,FE
med,SS-7145-46692,57,Carlson-Spears,Cardoso,03 Sep 2022,1913,XC-7,2017,,FA
normal,XX-6571-59498,91,Barnett-Stone,Franke AG,13 Mar 2023,1914,XC-7,2022,8082.50000,FD
3,JF-1963-26547,107,Roskoth,Coleman-Sanford,01 Dec 2015,1915,XC-7,2020,15834.50000,FD
1,BY-0461-97186,9,Cruz,Borges,"03/10/2020, 00:00:00",1916,APU-20,2018,23817.60000,FA
med,IT-9492-42619,46,Harris-Moore,Junken AG & Co. OHG,2019/07/30,1917,APU-20,2022,7521.20000,FE
N,ZH-3543-21124,64,Mälzer,Tavares,2016-12-13,1918,XC-7,2018,23197.50000,FA
med,SX-2471-69707,75,Mälzer,Franke AG,2021/04/27,1919,APU-15,2018,24066.60000,FD
H,HG-0476-12505,88,Rice-Sims,Rädel Aumann KGaA,2020/01/25,1920,XC-7,2021,10815.00000,FE
3,JN-9297-72165,95,Rädel Aumann KGaA,Barnett-Stone,2016/04/29,1921,APU-12,2021,13091.80000,FD
H,GL-2183-07467,101,Hübel Ebert GmbH,Pinto,2019/11/18,1922,APU-12,2021,,FA
N,HS-9036-36153,43,Carlson-Spears,Franke AG,2016-08-24,1923,APU-12,2019,17509.50000,FE
 N ,VA-9998-03776,42,Loureiro Vicente e Filhos,Rice-Sims,31 May 2019,1924,APU-12,2022,8871.80000,FD
H,VP-1463-36645,76,Loureiro Vicente e Filhos,Correia S/A,2024-05-11,1925,APU-20,2020,15396.00000,FA
L,XE-4386-54366,36,"Nguyen, Freeman and Roy",Barros,2019/03/01,1926,APU-20,2022,9954.80000,FB
3,CO-4875-94063,111,Bähr,Klotz AG & Co. OHG,08 Dec 2021,1927,APU-15,2020,14182.50000,FC
H,QS-9704-08204,46,Roskoth,Hübel Ebert GmbH,2020/11/17,1928,APU-12,2020,16175.80000,FC
 L ,YQ-3054-11685,35,Martins,"Nguyen, Freeman and Roy",2021/12/06,1929,APU-15,2019,19614.60000,FE
med,WA-8181-89348,99,Tapia Group,Valente S.A.,"09/04/2015, 00:00:00",1930,APU-20,2020,14861.70000,FA
1,WI-9548-28224,17,Valente S.A.,Cardoso,07 Oct 2022,1931,APU-20,2021,,FE
 1 ,UF-0980-39172,26,Borges,Paiva e Filhos,18 Dec 2019,1932,APU-15,2016,29271.60000,FA
1,ND-4512-08902,3,Henson Group,Tavares,"09/07/2022, 00:00:00",1933,XC-7,2020,16368.10000,FB
 heavy ,ZP-5264-91592,108,Rice-Sims,Coleman-Sanford,2019/11/06,1934,XC-7,2021,13271.00000,FC
 med ,JO-6226-20824,52,Carneiro S/A,Correia S/A,15 May 2020,1935,APU-12,2018,22317.90000,FB
L,XG-5354-05740,53,Barnett-Stone,Correia S/A,13 Jul 2023,1936,XC-7,2022,8160.10000,FE
med,QT-8867-65750,49,Mälzer,Henson Group,"03/05/2019, 00:00:00",1937,APU-15,2018,22273.80000,FA
med,WF-2654-84650,40,Carlson-Spears,Pinto,"05/25/2018, 00:00:00",1938,APU-20,2016,28083.90000,FE
light,LH-7583-92536,78,Barnett-Stone,Moreira,2015/02/14,1939,APU-12,2020,16906.10000,FA
1,YG-3677-96840,29,Cruz,Hübel Ebert GmbH,"10/04/2015, 00:00:00",1940,APU-20,2017,27185.90000,FB
L,ZB-1193-12542,26,Tavares,Loureiro Vicente e Filhos,"01/07/2022, 00:00:00",1941,XC-7,2023,4473.40000,FD
3,NB-5254-32044,63,Mälzer,Brooks Group,"08/30/2023, 00:00:00",1942,APU-15,2020,14539.90000,FC
L,WK-5745-60362,6,Dowerg,Tavares,2021/01/21,1943,APU-20,2022,8607.30000,FC
med,SB-7828-08659,60,Brooks Group,Rice-Sims,"04/18/2023, 00:00:00",1944,APU-20,2021,11829.80000,FE
heavy,AX-6488-69667,90,Moreira,Roskoth,"11/20/2019, 00:00:00",1945,APU-12,2022,10291.00000,FD
L,PZ-9737-65105,111,Maxwell-Lewis,Dowerg,2016-01-02,1946,XC-7,2024,3145.00000,FA
L,MD-3316-16858,36,Junken AG & Co. OHG,Junken AG & Co. OHG,2016-09-27,1947,APU-12,2012,45000.00000,FC
3,UC-0084-04329,112,Mälzer,Rice-Sims,02 Sep 2015,1948,APU-12,2020,15140.10000,FC
med,RQ-2502-97312,85,Carneiro S/A,Carlson-Spears,27 Dec 2021,1949,XC-7,2020,14217.80000,FC
normal,NB-9079-59899,42,Reis,Correia S/A,2024-12-18,1950,APU-20,2023,5001.20000,FC
2,TP-7107-49302,42,Reis,Henson Group,"09/07/2021, 00:00:00",1951,APU-20,2020,16761.40000,FC
N,UF-5143-01109,40,Barnett-Stone,Maia S/A,"12/17/2021, 00:00:00",1952,APU-15,2013,40065.60000,FD
light,DA-8430-63850,29,Carlson-Spears,Junken AG & Co. OHG,2015-03-28,1953,APU-12,2024,3316.10000,FB
heavy,JO-9065-84210,81,Maxwell-Lewis,"Nguyen, Freeman and Roy",2020/12/08,1954,APU-15,2022,8980.30000,FD
heavy,PW-7076-10727,86,Moreira,Pinto,04 Jun 2017,1955,APU-20,2016,30138.90000,FB
1,QZ-1021-39651,28,Cardoso,Rädel Aumann KGaA,2021-06-12,1956,APU-20,2023,5307.50000,FD
 light ,SX-1396-81315,3,Harris-Moore,Brooks Group,13 May 2022,1957,APU-12,2012,,FB
 med ,PO-3505-21817,72,Junken AG & Co. OHG,Dowerg,2021-09-08,1958,APU-20,2012,45000.00000,FD
3,WR-2898-49000,114,Barros,Tapia Group,2016-05-18,1959,APU-15,2021,11266.90000,FB
L,AR-9938-73421,34,Valente S.A.,Rädel Aumann KGaA,"02/16/2023, 00:00:00",1960,XC-7,2015,33534.60000,FA
2,YQ-1064-66863,93,Junken AG & Co. OHG,Franke AG,"08/30/2023, 00:00:00",1961,XC-7,2021,12863.40000,FE
normal,JJ-1148-43708,101,Hübel Ebert GmbH,Tapia Group,2016-01-24,1962,APU-15,2012,44208.50000,FB
normal,PU-6216-83890,44,Lopes Correia e Filhos,Moreira,2015/03/24,1963,APU-12,2023,3747.20000,FA
heavy,HR-6066-49950,103,Loureiro Vicente e Filhos,Mälzer,2023-03-01,1964,APU-20,2022,9067.80000,FD
med,LU-5853-75701,43,Villanueva-Flynn,Pinto,2015/01/15,1965,APU-12,2016,29532.00000,FB
2,HL-1824-62250,56,Martins,Machado Simões S/A,"10/15/2023, 00:00:00",1966,APU-12,2021,12687.00000,FB
L,JL-1983-02683,18,Villanueva-Flynn,Roskoth,16 Sep 2023,1967,APU-15,2023,3672.90000,FA
 med ,SR-9747-59835,47,Leal S.A.,Henson Group,"07/29/2024, 00:00:00",1968,XC-7,2018,22404.30000,FD
L,WL-6433-39681,35,Henson Group,Rosenow GmbH & Co. KGaA,2022-11-08,1969,APU-20,2019,20319.20000,FD
3,SU-6929-87239,112,Harris-Moore,Maxwell-Lewis,2018-04-28,1970,XC-7,2021,10788.10000,FD
L,SK-8637-05437,13,Rosenow GmbH & Co. KGaA,Mälzer,17 Dec 2021,1971,APU-20,2023,6460.90000,FC
2,PJ-8294-08302,70,Dowerg,Leal S.A.,"11/28/2021, 00:00:00",1972,XC-7,2022,7988.20000,FB
med,AV-0510-40304,59,Machado Simões S/A,Hübel Ebert GmbH,"09/08/2016, 00:00:00",1973,APU-12,2022,10299.50000,FA
light,FB-5098-77254,57,Tavares,Moreira,06 Dec 2018,1974,APU-15,2021,10838.60000,FA
heavy,IL-8762-21963,89,Valente S.A.,Maxwell-Lewis,2017-09-12,1975,XC-7,2020,15160.70000,FE
H,IY-3707-78110,72,Junken AG & Co. OHG,Bähr,2015/12/23,1976,APU-20,2019,20742.50000,FC
L,LV-1538-48146,21,Bähr,Bähr,2022/01/12,1977,APU-15,2022,7426.30000,FA
N,YM-3605-57288,54,Carneiro S/A,Roskoth,08 Apr 2020,1978,XC-7,2018,21354.10000,FB
normal,BE-2349-29559,28,Reis,Loureiro Vicente e Filhos,15 Sep 2020,1979,APU-20,2022,7844.30000,FC
light,TN-5400-29706,73,Cardoso,Klotz AG & Co. OHG,"08/05/2017, 00:00:00",1980,APU-15,2020,14336.50000,FB
 N ,RF-2124-07990,59,Moreira,Barnett-Stone,"09/17/2015, 00:00:00",1981,XC-7,2021,10812.50000,FB
N,SX-9897-17103,52,Reis,Harris-Moore,11 May 2023,1982,APU-12,2021,,FD
med,SV-2416-03581,51,Carlson-Spears,Barros,23 Mar 2016,1983,XC-7,2023,,FD
L,UE-1245-91888,17,Rädel Aumann KGaA,Leal S.A.,2023-12-29,1984,APU-20,2014,37524.80000,FD
light,ZB-4515-69037,17,Borges,Moreira,2017/12/06,1985,APU-15,2021,10813.90000,FE
L,SI-6699-60913,34,Schmidt,Correia S/A,"04/09/2023, 00:00:00",1986,XC-7,2022,8100.20000,FA
H,KW-2058-42216,97,Bähr,Hübel Ebert GmbH,"11/23/2018, 00:00:00",1987,APU-12,2022,9587.30000,FC
light,BF-4313-43167,45,Brooks Group,Rosenow GmbH & Co. KGaA,2016/08/04,1988,APU-12,2021,12839.20000,FD
light,DK-7328-27759,100,Villanueva-Flynn,Junken AG & Co. OHG,2018-10-04,1989,XC-7,2016,28233.90000,FD
1,ID-1413-05441,21,Tapia Group,Loureiro Vicente e Filhos,2022/05/11,1990,XC-7,2023,6871.00000,FE
N,LK-9987-11317,78,Rice-Sims,"Nguyen, Freeman and Roy",2021-04-29,1991,APU-20,2020,16343.00000,FE
light,QU-2438-29764,24,Rice-Sims,Carneiro S/A,"05/11/2019, 00:00:00",1992,APU-12,2021,12283.00000,FC
1,ML-3339-94081,21,Mälzer,Cruz,"01/06/2015, 00:00:00",1993,XC-7,2023,5334.70000,FB
L,BB-3406-55012,33,Brooks Group,Roskoth,"09/04/2024, 00:00:00",1994,XC-7,2020,14535.90000,FA
L,CY-3282-62976,9,Brooks Group,Roskoth,2022/08/20,1995,APU-12,2020,14669.80000,FA
N,DQ-2741-03035,75,Klotz AG & Co. OHG,Carneiro S/A,2019-03-04,1996,APU-12,2019,17992.40000,FE
normal,SI-4017-97250,65,Dowerg,Junken AG & Co. OHG,10 Oct 2020,1997,APU-12,2024,3155.00000,FD
3,MY-1581-67826,99,Machado Simões S/A,Cardoso,2023/03/14,1998,APU-12,2019,20106.30000,FD
L,SZ-6281-22442,49,Pinto,Machado Simões S/A,"01/16/2022, 00:00:00",1999,APU-15,2023,6254.80000,FE
L,SD-6423-66821,10,Martins,Brooks Group,22 Feb 2020,2000,APU-15,2021,13012.50000,FC
